INFO 2025-04-16 09:27:38,746 views 18197 129482518419264 Loaded book mapping for tag 0: {'title': 'The Alchemist', 'author': 'Paolo Coehlo', 'genre': 'Fiction', 'isbn': '123545432543523'}
INFO 2025-04-16 09:27:38,746 views 18197 129482518419264 Loaded book mapping for tag 1: {'title': 'The Idiot', 'author': 'John Smith', 'genre': 'Technology', 'isbn': '9780123456789'}
INFO 2025-04-16 09:27:42,328 views 18197 129479292749504 Attempting to open camera at index 2
INFO 2025-04-16 09:27:42,426 views 18197 129479292749504 Attempting to open camera at index 0
INFO 2025-04-16 09:27:42,427 views 18197 129479292749504 Attempting to open camera at index 1
INFO 2025-04-16 09:27:42,790 views 18197 129479292749504 Successfully opened camera at index 1
ERROR 2025-04-16 09:27:42,792 views 18197 129479292749504 Error starting video feed: no such column: library_student.course_name
INFO 2025-04-16 09:28:11,531 views 18197 129482518419264 Camera stopped and resources released
INFO 2025-04-16 09:28:51,408 views 18615 139943349413696 Loaded book mapping for tag 0: {'title': 'The Alchemist', 'author': 'Paolo Coehlo', 'genre': 'Fiction', 'isbn': '123545432543523'}
INFO 2025-04-16 09:28:51,408 views 18615 139943349413696 Loaded book mapping for tag 1: {'title': 'The Idiot', 'author': 'John Smith', 'genre': 'Technology', 'isbn': '9780123456789'}
INFO 2025-04-16 09:28:54,318 views 18615 139940123903680 Attempting to open camera at index 2
INFO 2025-04-16 09:28:54,416 views 18615 139940123903680 Attempting to open camera at index 0
INFO 2025-04-16 09:28:54,417 views 18615 139940123903680 Attempting to open camera at index 1
INFO 2025-04-16 09:28:54,779 views 18615 139940123903680 Successfully opened camera at index 1
ERROR 2025-04-16 09:28:54,781 views 18615 139940123903680 Error starting video feed: no such column: library_student.course_name
INFO 2025-04-16 09:29:19,893 views 18615 139943349413696 Camera stopped and resources released
INFO 2025-04-16 09:32:25,631 views 20802 138191965697856 Loaded book mapping for tag 0: {'title': 'The Alchemist', 'author': 'Paolo Coehlo', 'genre': 'Fiction', 'isbn': '123545432543523'}
INFO 2025-04-16 09:32:25,631 views 20802 138191965697856 Loaded book mapping for tag 1: {'title': 'The Idiot', 'author': 'John Smith', 'genre': 'Technology', 'isbn': '9780123456789'}
INFO 2025-04-16 09:32:29,964 views 20802 138188739839680 Attempting to open camera at index 1
INFO 2025-04-16 09:32:30,370 views 20802 138188739839680 Successfully opened camera at index 1
ERROR 2025-04-16 09:32:30,371 views 20802 138188739839680 Error starting video feed: no such column: library_student.course_name
INFO 2025-04-16 09:32:37,438 views 20802 138191965697856 Camera stopped and resources released
INFO 2025-04-16 15:29:12,160 views 21230 139277105104576 Loaded book mapping for tag 0: {'title': 'The Alchemist', 'author': 'Paolo Coehlo', 'genre': 'Fiction', 'isbn': '123545432543523'}
INFO 2025-04-16 15:29:12,160 views 21230 139277105104576 Loaded book mapping for tag 1: {'title': 'The Idiot', 'author': 'John Smith', 'genre': 'Technology', 'isbn': '9780123456789'}
INFO 2025-04-16 15:29:17,129 views 21230 139276073305792 Attempting to open camera at index 0
INFO 2025-04-16 15:29:17,814 views 21230 139276073305792 Successfully opened camera at index 0
INFO 2025-04-16 16:53:55,094 views 42519 126011490436800 Attempting to open camera at index 0
INFO 2025-04-16 16:53:55,778 views 42519 126011490436800 Successfully opened camera at index 0
INFO 2025-04-16 16:55:21,329 views 42797 135907801827008 Attempting to open camera at index 0
INFO 2025-04-16 16:55:22,014 views 42797 135907801827008 Successfully opened camera at index 0
INFO 2025-04-16 16:55:33,932 views 42976 127738616432064 Loaded book mapping for tag 0: {'title': 'The Alchemist', 'author': 'Paolo Coehlo', 'genre': 'Fiction', 'isbn': '123545432543523'}
INFO 2025-04-16 16:55:33,932 views 42976 127738616432064 Loaded book mapping for tag 1: {'title': 'The Idiot', 'author': 'John Smith', 'genre': 'Technology', 'isbn': '9780123456789'}
INFO 2025-04-16 16:56:10,502 views 43042 125478065223104 Loaded book mapping for tag 0: {'title': 'The Alchemist', 'author': 'Paolo Coehlo', 'genre': 'Fiction', 'isbn': '123545432543523'}
INFO 2025-04-16 16:56:10,502 views 43042 125478065223104 Loaded book mapping for tag 1: {'title': 'The Idiot', 'author': 'John Smith', 'genre': 'Technology', 'isbn': '9780123456789'}
INFO 2025-04-16 16:56:45,171 views 43118 123851332216256 Loaded book mapping for tag 0: {'title': 'The Alchemist', 'author': 'Paolo Coehlo', 'genre': 'Fiction', 'isbn': '123545432543523'}
INFO 2025-04-16 16:56:45,171 views 43118 123851332216256 Loaded book mapping for tag 1: {'title': 'The Idiot', 'author': 'John Smith', 'genre': 'Technology', 'isbn': '9780123456789'}
INFO 2025-04-16 16:57:14,946 views 43195 135683668702656 Loaded book mapping for tag 0: {'title': 'The Alchemist', 'author': 'Paolo Coehlo', 'genre': 'Fiction', 'isbn': '123545432543523'}
INFO 2025-04-16 16:57:14,947 views 43195 135683668702656 Loaded book mapping for tag 1: {'title': 'The Idiot', 'author': 'John Smith', 'genre': 'Technology', 'isbn': '9780123456789'}
INFO 2025-04-16 16:58:26,671 views 43365 135337971135936 Loaded book mapping for tag 0: {'title': 'The Alchemist', 'author': 'Paolo Coehlo', 'genre': 'Fiction', 'isbn': '123545432543523'}
INFO 2025-04-16 16:58:26,671 views 43365 135337971135936 Loaded book mapping for tag 1: {'title': 'The Idiot', 'author': 'John Smith', 'genre': 'Technology', 'isbn': '9780123456789'}
INFO 2025-04-16 16:58:37,023 views 43416 124595103139264 Loaded book mapping for tag 0: {'title': 'The Alchemist', 'author': 'Paolo Coehlo', 'genre': 'Fiction', 'isbn': '123545432543523'}
INFO 2025-04-16 16:58:37,023 views 43416 124595103139264 Loaded book mapping for tag 1: {'title': 'The Idiot', 'author': 'John Smith', 'genre': 'Technology', 'isbn': '9780123456789'}
INFO 2025-04-16 16:59:12,324 views 43580 124296441628352 Loaded book mapping for tag 0: {'title': 'The Alchemist', 'author': 'Paolo Coehlo', 'genre': 'Fiction', 'isbn': '123545432543523'}
INFO 2025-04-16 16:59:12,325 views 43580 124296441628352 Loaded book mapping for tag 1: {'title': 'The Idiot', 'author': 'John Smith', 'genre': 'Technology', 'isbn': '9780123456789'}
INFO 2025-04-16 16:59:33,757 views 43654 135780269307328 Loaded book mapping for tag 0: {'title': 'The Alchemist', 'author': 'Paolo Coehlo', 'genre': 'Fiction', 'isbn': '123545432543523'}
INFO 2025-04-16 16:59:33,758 views 43654 135780269307328 Loaded book mapping for tag 1: {'title': 'The Idiot', 'author': 'John Smith', 'genre': 'Technology', 'isbn': '9780123456789'}
INFO 2025-04-16 16:59:33,980 views 43655 124991270028992 Loaded book mapping for tag 0: {'title': 'The Alchemist', 'author': 'Paolo Coehlo', 'genre': 'Fiction', 'isbn': '123545432543523'}
INFO 2025-04-16 16:59:33,980 views 43655 124991270028992 Loaded book mapping for tag 1: {'title': 'The Idiot', 'author': 'John Smith', 'genre': 'Technology', 'isbn': '9780123456789'}
INFO 2025-04-16 16:59:40,607 views 43654 135779183494848 Attempting to open camera at index 2
WARNING 2025-04-16 16:59:40,720 views 43654 135779183494848 Could not open camera 2
INFO 2025-04-16 16:59:40,720 views 43654 135779183494848 Attempting to open camera at index 0
INFO 2025-04-16 16:59:42,162 views 43654 135779183494848 Successfully opened camera at index 0
ERROR 2025-04-16 16:59:42,260 views 43654 135779183494848 Error processing frame: 'IDCardProcessor' object has no attribute 'start_capture_timer'
INFO 2025-04-16 16:59:42,438 views 43654 135779183494848 Camera stopped and resources released
INFO 2025-04-16 16:59:42,439 views 43654 135779183494848 Camera stopped and resources released
INFO 2025-04-16 17:00:09,253 views 43654 135779183494848 Attempting to open camera at index 2
WARNING 2025-04-16 17:00:09,364 views 43654 135779183494848 Could not open camera 2
INFO 2025-04-16 17:00:09,365 views 43654 135779183494848 Attempting to open camera at index 0
INFO 2025-04-16 17:00:10,801 views 43654 135779183494848 Successfully opened camera at index 0
ERROR 2025-04-16 17:00:10,936 views 43654 135779183494848 Error processing frame: 'IDCardProcessor' object has no attribute 'start_capture_timer'
INFO 2025-04-16 17:00:11,146 views 43654 135779183494848 Camera stopped and resources released
INFO 2025-04-16 17:00:11,147 views 43654 135779183494848 Camera stopped and resources released
INFO 2025-04-16 17:01:24,778 views 44519 140258511766976 Loaded book mapping for tag 0: {'title': 'The Alchemist', 'author': 'Paolo Coehlo', 'genre': 'Fiction', 'isbn': '123545432543523'}
INFO 2025-04-16 17:01:24,778 views 44519 140258511766976 Loaded book mapping for tag 1: {'title': 'The Idiot', 'author': 'John Smith', 'genre': 'Technology', 'isbn': '9780123456789'}
INFO 2025-04-16 17:01:29,119 views 44564 136912486680000 Loaded book mapping for tag 0: {'title': 'The Alchemist', 'author': 'Paolo Coehlo', 'genre': 'Fiction', 'isbn': '123545432543523'}
INFO 2025-04-16 17:01:29,119 views 44564 136912486680000 Loaded book mapping for tag 1: {'title': 'The Idiot', 'author': 'John Smith', 'genre': 'Technology', 'isbn': '9780123456789'}
INFO 2025-04-16 17:01:42,766 views 44626 136713800205760 Loaded book mapping for tag 0: {'title': 'The Alchemist', 'author': 'Paolo Coehlo', 'genre': 'Fiction', 'isbn': '123545432543523'}
INFO 2025-04-16 17:01:42,766 views 44626 136713800205760 Loaded book mapping for tag 1: {'title': 'The Idiot', 'author': 'John Smith', 'genre': 'Technology', 'isbn': '9780123456789'}
INFO 2025-04-16 17:01:54,174 views 44723 131482190350016 Loaded book mapping for tag 0: {'title': 'The Alchemist', 'author': 'Paolo Coehlo', 'genre': 'Fiction', 'isbn': '123545432543523'}
INFO 2025-04-16 17:01:54,174 views 44723 131482190350016 Loaded book mapping for tag 1: {'title': 'The Idiot', 'author': 'John Smith', 'genre': 'Technology', 'isbn': '9780123456789'}
INFO 2025-04-16 17:02:10,600 views 44723 131481145968320 Attempting to open camera at index 2
WARNING 2025-04-16 17:02:10,713 views 44723 131481145968320 Could not open camera 2
INFO 2025-04-16 17:02:10,713 views 44723 131481145968320 Attempting to open camera at index 0
INFO 2025-04-16 17:02:12,151 views 44723 131481145968320 Successfully opened camera at index 0
ERROR 2025-04-16 17:02:12,285 views 44723 131481145968320 Error processing frame: 'IDCardProcessor' object has no attribute 'start_capture_timer'
INFO 2025-04-16 17:02:12,528 views 44723 131481145968320 Camera stopped and resources released
INFO 2025-04-16 17:02:12,528 views 44723 131481145968320 Camera stopped and resources released
INFO 2025-04-16 17:02:46,436 views 45075 132129878968000 Loaded book mapping for tag 0: {'title': 'The Alchemist', 'author': 'Paolo Coehlo', 'genre': 'Fiction', 'isbn': '123545432543523'}
INFO 2025-04-16 17:02:46,436 views 45075 132129878968000 Loaded book mapping for tag 1: {'title': 'The Idiot', 'author': 'John Smith', 'genre': 'Technology', 'isbn': '9780123456789'}
INFO 2025-04-16 17:03:39,783 views 45241 126889333098176 Loaded book mapping for tag 0: {'title': 'The Alchemist', 'author': 'Paolo Coehlo', 'genre': 'Fiction', 'isbn': '123545432543523'}
INFO 2025-04-16 17:03:39,783 views 45241 126889333098176 Loaded book mapping for tag 1: {'title': 'The Idiot', 'author': 'John Smith', 'genre': 'Technology', 'isbn': '9780123456789'}
INFO 2025-04-16 17:03:43,379 views 45241 126883698050752 Attempting to open camera at index 0
INFO 2025-04-16 17:03:45,119 views 45241 126883698050752 Successfully opened camera at index 0
ERROR 2025-04-16 17:03:50,336 views 45241 126883698050752 Error in video_feed: CUDA error: CUDA-capable device(s) is/are busy or unavailable
CUDA kernel errors might be asynchronously reported at some other API call, so the stacktrace below might be incorrect.
For debugging consider passing CUDA_LAUNCH_BLOCKING=1
Compile with `TORCH_USE_CUDA_DSA` to enable device-side assertions.

INFO 2025-04-16 17:03:50,623 views 45241 126883698050752 Camera stopped and resources released
INFO 2025-04-16 17:05:22,112 views 45800 140679755613632 Loaded book mapping for tag 0: {'title': 'The Alchemist', 'author': 'Paolo Coehlo', 'genre': 'Fiction', 'isbn': '123545432543523'}
INFO 2025-04-16 17:05:22,113 views 45800 140679755613632 Loaded book mapping for tag 1: {'title': 'The Idiot', 'author': 'John Smith', 'genre': 'Technology', 'isbn': '9780123456789'}
INFO 2025-04-16 17:06:04,480 views 45950 135651495298496 Loaded book mapping for tag 0: {'title': 'The Alchemist', 'author': 'Paolo Coehlo', 'genre': 'Fiction', 'isbn': '123545432543523'}
INFO 2025-04-16 17:06:04,481 views 45950 135651495298496 Loaded book mapping for tag 1: {'title': 'The Idiot', 'author': 'John Smith', 'genre': 'Technology', 'isbn': '9780123456789'}
INFO 2025-04-16 17:06:14,129 views 46085 130380722984384 Loaded book mapping for tag 0: {'title': 'The Alchemist', 'author': 'Paolo Coehlo', 'genre': 'Fiction', 'isbn': '123545432543523'}
INFO 2025-04-16 17:06:14,129 views 46085 130380722984384 Loaded book mapping for tag 1: {'title': 'The Idiot', 'author': 'John Smith', 'genre': 'Technology', 'isbn': '9780123456789'}
INFO 2025-04-16 17:06:17,059 views 46127 131098890139072 Loaded book mapping for tag 0: {'title': 'The Alchemist', 'author': 'Paolo Coehlo', 'genre': 'Fiction', 'isbn': '123545432543523'}
INFO 2025-04-16 17:06:17,059 views 46127 131098890139072 Loaded book mapping for tag 1: {'title': 'The Idiot', 'author': 'John Smith', 'genre': 'Technology', 'isbn': '9780123456789'}
INFO 2025-04-16 17:06:29,402 views 46085 130375254804160 Attempting to open camera at index 0
INFO 2025-04-16 17:06:30,840 views 46085 130375254804160 Successfully opened camera at index 0
INFO 2025-04-16 17:06:36,691 id_card_processor 46085 130375254804160 Model loaded successfully on cpu with eager
INFO 2025-04-16 17:06:36,692 id_card_processor 46085 130375254804160 ID card capture timer started
INFO 2025-04-16 17:06:41,729 views 46085 130375254804160 Attempting to capture and process ID card
INFO 2025-04-16 17:06:41,731 id_card_processor 46085 130375254804160 Saved ID card image to media/id_cards/id_card_20250416_170641.jpg
INFO 2025-04-16 17:07:40,893 views 46508 137424730588864 Loaded book mapping for tag 0: {'title': 'The Alchemist', 'author': 'Paolo Coehlo', 'genre': 'Fiction', 'isbn': '123545432543523'}
INFO 2025-04-16 17:07:40,893 views 46508 137424730588864 Loaded book mapping for tag 1: {'title': 'The Idiot', 'author': 'John Smith', 'genre': 'Technology', 'isbn': '9780123456789'}
INFO 2025-04-16 17:07:47,125 views 46508 137419095541440 Attempting to open camera at index 2
WARNING 2025-04-16 17:07:47,236 views 46508 137419095541440 Could not open camera 2
INFO 2025-04-16 17:07:47,236 views 46508 137419095541440 Attempting to open camera at index 0
INFO 2025-04-16 17:07:48,543 views 46508 137419095541440 Successfully opened camera at index 0
INFO 2025-04-16 17:07:53,191 id_card_processor 46508 137419095541440 Model loaded successfully on cpu with eager
INFO 2025-04-16 17:07:53,192 id_card_processor 46508 137419095541440 ID card capture timer started
INFO 2025-04-16 17:07:58,232 views 46508 137419095541440 Attempting to capture and process ID card
INFO 2025-04-16 17:07:58,234 id_card_processor 46508 137419095541440 Saved ID card image to media/id_cards/id_card_20250416_170758.jpg
INFO 2025-04-16 17:08:56,737 views 46907 123555367957952 Loaded book mapping for tag 0: {'title': 'The Alchemist', 'author': 'Paolo Coehlo', 'genre': 'Fiction', 'isbn': '123545432543523'}
INFO 2025-04-16 17:08:56,738 views 46907 123555367957952 Loaded book mapping for tag 1: {'title': 'The Idiot', 'author': 'John Smith', 'genre': 'Technology', 'isbn': '9780123456789'}
INFO 2025-04-16 17:08:59,641 views 46907 123549901653696 Attempting to open camera at index 2
WARNING 2025-04-16 17:08:59,754 views 46907 123549901653696 Could not open camera 2
INFO 2025-04-16 17:08:59,754 views 46907 123549901653696 Attempting to open camera at index 0
INFO 2025-04-16 17:09:01,061 views 46907 123549901653696 Successfully opened camera at index 0
INFO 2025-04-16 17:09:10,907 id_card_processor 46907 123549901653696 Capture timer started
INFO 2025-04-16 17:09:25,968 id_card_processor 46907 123549901653696 Capture triggered
INFO 2025-04-16 17:09:25,968 views 46907 123549901653696 Attempting to capture and process ID card
INFO 2025-04-16 17:09:25,969 id_card_processor 46907 123549901653696 Box coordinates set to: (96, 72, 448, 336)
INFO 2025-04-16 17:09:25,970 id_card_processor 46907 123549901653696 Images saved: media/id_cards/id_card_20250416_170925.jpg and media/id_cards/id_card_cropped_20250416_170925.jpg
INFO 2025-04-16 17:09:55,126 views 47270 135701444167360 Loaded book mapping for tag 0: {'title': 'The Alchemist', 'author': 'Paolo Coehlo', 'genre': 'Fiction', 'isbn': '123545432543523'}
INFO 2025-04-16 17:09:55,126 views 47270 135701444167360 Loaded book mapping for tag 1: {'title': 'The Idiot', 'author': 'John Smith', 'genre': 'Technology', 'isbn': '9780123456789'}
INFO 2025-04-16 17:09:58,934 views 47270 135695807022784 Attempting to open camera at index 2
WARNING 2025-04-16 17:09:59,047 views 47270 135695807022784 Could not open camera 2
INFO 2025-04-16 17:09:59,047 views 47270 135695807022784 Attempting to open camera at index 0
INFO 2025-04-16 17:10:00,352 views 47270 135695807022784 Successfully opened camera at index 0
INFO 2025-04-16 17:10:06,203 id_card_processor 47270 135695807022784 Capture timer started
INFO 2025-04-16 17:10:21,233 id_card_processor 47270 135695807022784 Capture triggered
INFO 2025-04-16 17:10:21,233 views 47270 135695807022784 Attempting to capture and process ID card
INFO 2025-04-16 17:10:21,235 id_card_processor 47270 135695807022784 Box coordinates set to: (96, 72, 448, 336)
INFO 2025-04-16 17:10:21,236 id_card_processor 47270 135695807022784 Images saved: media/id_cards/id_card_20250416_171021.jpg and media/id_cards/id_card_cropped_20250416_171021.jpg
INFO 2025-04-16 17:13:55,814 views 48440 138683072644544 Loaded book mapping for tag 0: {'title': 'The Alchemist', 'author': 'Paolo Coehlo', 'genre': 'Fiction', 'isbn': '123545432543523'}
INFO 2025-04-16 17:13:55,814 views 48440 138683072644544 Loaded book mapping for tag 1: {'title': 'The Idiot', 'author': 'John Smith', 'genre': 'Technology', 'isbn': '9780123456789'}
INFO 2025-04-16 17:14:07,592 views 48525 136496847164864 Loaded book mapping for tag 0: {'title': 'The Alchemist', 'author': 'Paolo Coehlo', 'genre': 'Fiction', 'isbn': '123545432543523'}
INFO 2025-04-16 17:14:07,592 views 48525 136496847164864 Loaded book mapping for tag 1: {'title': 'The Idiot', 'author': 'John Smith', 'genre': 'Technology', 'isbn': '9780123456789'}
INFO 2025-04-16 17:14:18,848 views 48606 136687838299584 Loaded book mapping for tag 0: {'title': 'The Alchemist', 'author': 'Paolo Coehlo', 'genre': 'Fiction', 'isbn': '123545432543523'}
INFO 2025-04-16 17:14:18,848 views 48606 136687838299584 Loaded book mapping for tag 1: {'title': 'The Idiot', 'author': 'John Smith', 'genre': 'Technology', 'isbn': '9780123456789'}
INFO 2025-04-16 17:14:28,434 views 48719 133804039382464 Loaded book mapping for tag 0: {'title': 'The Alchemist', 'author': 'Paolo Coehlo', 'genre': 'Fiction', 'isbn': '123545432543523'}
INFO 2025-04-16 17:14:28,434 views 48719 133804039382464 Loaded book mapping for tag 1: {'title': 'The Idiot', 'author': 'John Smith', 'genre': 'Technology', 'isbn': '9780123456789'}
INFO 2025-04-16 17:14:40,364 views 48853 139178953012672 Loaded book mapping for tag 0: {'title': 'The Alchemist', 'author': 'Paolo Coehlo', 'genre': 'Fiction', 'isbn': '123545432543523'}
INFO 2025-04-16 17:14:40,365 views 48853 139178953012672 Loaded book mapping for tag 1: {'title': 'The Idiot', 'author': 'John Smith', 'genre': 'Technology', 'isbn': '9780123456789'}
INFO 2025-04-16 17:14:43,936 views 48853 139173486921408 Attempting to open camera at index 0
INFO 2025-04-16 17:14:45,379 views 48853 139173486921408 Successfully opened camera at index 0
INFO 2025-04-16 17:14:50,697 id_card_processor 48853 139173486921408 Model loaded successfully on cpu
INFO 2025-04-16 17:14:50,698 id_card_processor 48853 139173486921408 Capture timer started
INFO 2025-04-16 17:15:05,759 id_card_processor 48853 139173486921408 Capture triggered
INFO 2025-04-16 17:15:05,760 views 48853 139173486921408 Attempting to capture and process ID card
INFO 2025-04-16 17:15:05,761 id_card_processor 48853 139173486921408 Box coordinates set to: (96, 72, 448, 336)
INFO 2025-04-16 17:15:05,762 id_card_processor 48853 139173486921408 Images saved: media/id_cards/id_card_20250416_171505.jpg and media/id_cards/id_card_cropped_20250416_171505.jpg
INFO 2025-04-16 17:15:11,899 views 49102 123818441344448 Loaded book mapping for tag 0: {'title': 'The Alchemist', 'author': 'Paolo Coehlo', 'genre': 'Fiction', 'isbn': '123545432543523'}
INFO 2025-04-16 17:15:11,899 views 49102 123818441344448 Loaded book mapping for tag 1: {'title': 'The Idiot', 'author': 'John Smith', 'genre': 'Technology', 'isbn': '9780123456789'}
INFO 2025-04-16 17:15:59,025 views 49254 135508969653952 Loaded book mapping for tag 0: {'title': 'The Alchemist', 'author': 'Paolo Coehlo', 'genre': 'Fiction', 'isbn': '123545432543523'}
INFO 2025-04-16 17:15:59,025 views 49254 135508969653952 Loaded book mapping for tag 1: {'title': 'The Idiot', 'author': 'John Smith', 'genre': 'Technology', 'isbn': '9780123456789'}
INFO 2025-04-16 17:16:23,033 views 49362 138343966901696 Loaded book mapping for tag 0: {'title': 'The Alchemist', 'author': 'Paolo Coehlo', 'genre': 'Fiction', 'isbn': '123545432543523'}
INFO 2025-04-16 17:16:23,033 views 49362 138343966901696 Loaded book mapping for tag 1: {'title': 'The Idiot', 'author': 'John Smith', 'genre': 'Technology', 'isbn': '9780123456789'}
INFO 2025-04-16 17:16:41,521 views 49464 139498688087744 Loaded book mapping for tag 0: {'title': 'The Alchemist', 'author': 'Paolo Coehlo', 'genre': 'Fiction', 'isbn': '123545432543523'}
INFO 2025-04-16 17:16:41,521 views 49464 139498688087744 Loaded book mapping for tag 1: {'title': 'The Idiot', 'author': 'John Smith', 'genre': 'Technology', 'isbn': '9780123456789'}
INFO 2025-04-16 17:17:03,560 views 49546 125381086545600 Loaded book mapping for tag 0: {'title': 'The Alchemist', 'author': 'Paolo Coehlo', 'genre': 'Fiction', 'isbn': '123545432543523'}
INFO 2025-04-16 17:17:03,560 views 49546 125381086545600 Loaded book mapping for tag 1: {'title': 'The Idiot', 'author': 'John Smith', 'genre': 'Technology', 'isbn': '9780123456789'}
INFO 2025-04-16 17:18:17,356 views 49802 131224437986752 Loaded book mapping for tag 0: {'title': 'The Alchemist', 'author': 'Paolo Coehlo', 'genre': 'Fiction', 'isbn': '123545432543523'}
INFO 2025-04-16 17:18:17,356 views 49802 131224437986752 Loaded book mapping for tag 1: {'title': 'The Idiot', 'author': 'John Smith', 'genre': 'Technology', 'isbn': '9780123456789'}
INFO 2025-04-16 17:18:55,824 views 49932 134948544169408 Loaded book mapping for tag 0: {'title': 'The Alchemist', 'author': 'Paolo Coehlo', 'genre': 'Fiction', 'isbn': '123545432543523'}
INFO 2025-04-16 17:18:55,824 views 49932 134948544169408 Loaded book mapping for tag 1: {'title': 'The Idiot', 'author': 'John Smith', 'genre': 'Technology', 'isbn': '9780123456789'}
INFO 2025-04-16 17:19:11,120 views 50037 132240298210752 Loaded book mapping for tag 0: {'title': 'The Alchemist', 'author': 'Paolo Coehlo', 'genre': 'Fiction', 'isbn': '123545432543523'}
INFO 2025-04-16 17:19:11,120 views 50037 132240298210752 Loaded book mapping for tag 1: {'title': 'The Idiot', 'author': 'John Smith', 'genre': 'Technology', 'isbn': '9780123456789'}
INFO 2025-04-16 17:19:11,755 views 50056 127702709307072 Loaded book mapping for tag 0: {'title': 'The Alchemist', 'author': 'Paolo Coehlo', 'genre': 'Fiction', 'isbn': '123545432543523'}
INFO 2025-04-16 17:19:11,755 views 50056 127702709307072 Loaded book mapping for tag 1: {'title': 'The Idiot', 'author': 'John Smith', 'genre': 'Technology', 'isbn': '9780123456789'}
INFO 2025-04-16 17:19:32,257 views 50225 133599992931776 Loaded book mapping for tag 0: {'title': 'The Alchemist', 'author': 'Paolo Coehlo', 'genre': 'Fiction', 'isbn': '123545432543523'}
INFO 2025-04-16 17:19:32,257 views 50225 133599992931776 Loaded book mapping for tag 1: {'title': 'The Idiot', 'author': 'John Smith', 'genre': 'Technology', 'isbn': '9780123456789'}
INFO 2025-04-16 17:19:32,663 views 50244 133887628182976 Loaded book mapping for tag 0: {'title': 'The Alchemist', 'author': 'Paolo Coehlo', 'genre': 'Fiction', 'isbn': '123545432543523'}
INFO 2025-04-16 17:19:32,663 views 50244 133887628182976 Loaded book mapping for tag 1: {'title': 'The Idiot', 'author': 'John Smith', 'genre': 'Technology', 'isbn': '9780123456789'}
INFO 2025-04-16 17:20:47,740 views 50669 134859005626048 Loaded book mapping for tag 0: {'title': 'The Alchemist', 'author': 'Paolo Coehlo', 'genre': 'Fiction', 'isbn': '123545432543523'}
INFO 2025-04-16 17:20:47,740 views 50669 134859005626048 Loaded book mapping for tag 1: {'title': 'The Idiot', 'author': 'John Smith', 'genre': 'Technology', 'isbn': '9780123456789'}
INFO 2025-04-16 17:20:51,816 views 50669 134853370578624 Attempting to open camera at index 2
WARNING 2025-04-16 17:20:51,928 views 50669 134853370578624 Could not open camera 2
INFO 2025-04-16 17:20:51,928 views 50669 134853370578624 Attempting to open camera at index 0
INFO 2025-04-16 17:20:53,234 views 50669 134853370578624 Successfully opened camera at index 0
INFO 2025-04-16 17:20:58,030 id_card_processor 50669 134853370578624 Capture timer started
INFO 2025-04-16 17:21:13,120 id_card_processor 50669 134853370578624 Capture triggered
INFO 2025-04-16 17:21:13,120 views 50669 134853370578624 Attempting to capture and process ID card
INFO 2025-04-16 17:21:13,122 id_card_processor 50669 134853370578624 Box coordinates set to: (96, 72, 448, 336)
INFO 2025-04-16 17:21:13,123 id_card_processor 50669 134853370578624 Images saved: media/id_cards/id_card_20250416_172113.jpg and media/id_cards/id_card_cropped_20250416_172113.jpg
INFO 2025-04-16 17:24:37,111 views 52274 140047381145024 Loaded book mapping for tag 0: {'title': 'The Alchemist', 'author': 'Paolo Coehlo', 'genre': 'Fiction', 'isbn': '123545432543523'}
INFO 2025-04-16 17:24:37,111 views 52274 140047381145024 Loaded book mapping for tag 1: {'title': 'The Idiot', 'author': 'John Smith', 'genre': 'Technology', 'isbn': '9780123456789'}
INFO 2025-04-16 17:24:40,225 views 52274 140041913370304 Attempting to open camera at index 2
WARNING 2025-04-16 17:24:40,336 views 52274 140041913370304 Could not open camera 2
INFO 2025-04-16 17:24:40,336 views 52274 140041913370304 Attempting to open camera at index 0
INFO 2025-04-16 17:24:41,642 views 52274 140041913370304 Successfully opened camera at index 0
INFO 2025-04-16 17:24:46,493 id_card_processor 52274 140041913370304 Capture timer started
INFO 2025-04-16 17:25:01,519 id_card_processor 52274 140041913370304 Capture triggered
INFO 2025-04-16 17:25:01,520 views 52274 140041913370304 Attempting to capture and process ID card
INFO 2025-04-16 17:25:01,521 id_card_processor 52274 140041913370304 Box coordinates set to: (96, 72, 448, 336)
INFO 2025-04-16 17:25:01,522 id_card_processor 52274 140041913370304 Images saved: media/id_cards/id_card_20250416_172501.jpg and media/id_cards/id_card_cropped_20250416_172501.jpg
INFO 2025-04-16 17:45:41,516 views 53440 125899181655744 Loaded book mapping for tag 0: {'title': 'The Alchemist', 'author': 'Paolo Coehlo', 'genre': 'Fiction', 'isbn': '123545432543523'}
INFO 2025-04-16 17:45:41,517 views 53440 125899181655744 Loaded book mapping for tag 1: {'title': 'The Idiot', 'author': 'John Smith', 'genre': 'Technology', 'isbn': '9780123456789'}
INFO 2025-04-16 17:45:49,687 views 53440 125893540316864 Attempting to open camera at index 2
WARNING 2025-04-16 17:45:49,799 views 53440 125893540316864 Could not open camera 2
INFO 2025-04-16 17:45:49,800 views 53440 125893540316864 Attempting to open camera at index 0
INFO 2025-04-16 17:45:51,175 views 53440 125893540316864 Successfully opened camera at index 0
INFO 2025-04-16 17:45:56,068 id_card_processor 53440 125893540316864 Capture timer started
INFO 2025-04-16 17:46:11,155 id_card_processor 53440 125893540316864 Capture triggered
INFO 2025-04-16 17:46:11,155 views 53440 125893540316864 Attempting to capture and process ID card
INFO 2025-04-16 17:46:11,156 id_card_processor 53440 125893540316864 Box coordinates set to: (96, 72, 448, 336)
INFO 2025-04-16 17:46:11,157 id_card_processor 53440 125893540316864 Images saved: media/id_cards/id_card_20250416_174611.jpg and media/id_cards/id_card_cropped_20250416_174611.jpg
INFO 2025-04-17 05:25:38,509 views 21314 126603666851264 Loaded book mapping for tag 0: {'title': 'The Alchemist', 'author': 'Paolo Coehlo', 'genre': 'Fiction', 'isbn': '123545432543523'}
INFO 2025-04-17 05:25:38,509 views 21314 126603666851264 Loaded book mapping for tag 1: {'title': 'The Idiot', 'author': 'John Smith', 'genre': 'Technology', 'isbn': '9780123456789'}
INFO 2025-04-17 05:25:43,174 views 21314 126598200166080 Attempting to open camera at index 2
WARNING 2025-04-17 05:25:43,300 views 21314 126598200166080 Could not open camera 2
INFO 2025-04-17 05:25:43,300 views 21314 126598200166080 Attempting to open camera at index 0
INFO 2025-04-17 05:25:44,618 views 21314 126598200166080 Successfully opened camera at index 0
ERROR 2025-04-17 05:25:49,569 views 21314 126598200166080 Error in video_feed: CUDA error: CUDA-capable device(s) is/are busy or unavailable
CUDA kernel errors might be asynchronously reported at some other API call, so the stacktrace below might be incorrect.
For debugging consider passing CUDA_LAUNCH_BLOCKING=1
Compile with `TORCH_USE_CUDA_DSA` to enable device-side assertions.

INFO 2025-04-17 05:25:49,745 views 21314 126598200166080 Camera stopped and resources released
INFO 2025-04-17 05:27:51,399 views 21702 136546191087040 Loaded book mapping for tag 0: {'title': 'The Alchemist', 'author': 'Paolo Coehlo', 'genre': 'Fiction', 'isbn': '123545432543523'}
INFO 2025-04-17 05:27:51,399 views 21702 136546191087040 Loaded book mapping for tag 1: {'title': 'The Idiot', 'author': 'John Smith', 'genre': 'Technology', 'isbn': '9780123456789'}
INFO 2025-04-17 05:28:31,144 views 21702 136540724397760 Attempting to open camera at index 2
WARNING 2025-04-17 05:28:31,256 views 21702 136540724397760 Could not open camera 2
INFO 2025-04-17 05:28:31,257 views 21702 136540724397760 Attempting to open camera at index 0
INFO 2025-04-17 05:28:32,263 views 21702 136540724397760 Successfully opened camera at index 0
INFO 2025-04-17 05:28:37,159 id_card_processor 21702 136540724397760 Capture timer started
INFO 2025-04-17 05:28:52,172 id_card_processor 21702 136540724397760 Capture triggered
INFO 2025-04-17 05:28:52,172 views 21702 136540724397760 Attempting to capture and process ID card
INFO 2025-04-17 05:28:52,174 id_card_processor 21702 136540724397760 Box coordinates set to: (96, 72, 448, 336)
INFO 2025-04-17 05:28:52,175 id_card_processor 21702 136540724397760 Images saved: media/id_cards/id_card_20250417_052852.jpg and media/id_cards/id_card_cropped_20250417_052852.jpg
INFO 2025-04-17 05:31:45,619 views 22246 131304171804096 Loaded book mapping for tag 0: {'title': 'The Alchemist', 'author': 'Paolo Coehlo', 'genre': 'Fiction', 'isbn': '123545432543523'}
INFO 2025-04-17 05:31:45,619 views 22246 131304171804096 Loaded book mapping for tag 1: {'title': 'The Idiot', 'author': 'John Smith', 'genre': 'Technology', 'isbn': '9780123456789'}
INFO 2025-04-17 05:31:49,579 views 22246 131298706327232 Attempting to open camera at index 2
WARNING 2025-04-17 05:31:49,691 views 22246 131298706327232 Could not open camera 2
INFO 2025-04-17 05:31:49,692 views 22246 131298706327232 Attempting to open camera at index 0
INFO 2025-04-17 05:31:50,699 views 22246 131298706327232 Successfully opened camera at index 0
INFO 2025-04-17 05:31:55,499 id_card_processor 22246 131298706327232 Capture timer started
INFO 2025-04-17 05:32:10,538 id_card_processor 22246 131298706327232 Capture triggered
INFO 2025-04-17 05:32:10,538 views 22246 131298706327232 Attempting to capture and process ID card
INFO 2025-04-17 05:32:10,540 id_card_processor 22246 131298706327232 Box coordinates set to: (96, 72, 448, 336)
INFO 2025-04-17 05:32:10,541 id_card_processor 22246 131298706327232 Images saved: media/id_cards/id_card_20250417_053210.jpg and media/id_cards/id_card_cropped_20250417_053210.jpg
INFO 2025-04-17 05:34:20,295 views 22701 127391947032256 Loaded book mapping for tag 0: {'title': 'The Alchemist', 'author': 'Paolo Coehlo', 'genre': 'Fiction', 'isbn': '123545432543523'}
INFO 2025-04-17 05:34:20,295 views 22701 127391947032256 Loaded book mapping for tag 1: {'title': 'The Idiot', 'author': 'John Smith', 'genre': 'Technology', 'isbn': '9780123456789'}
INFO 2025-04-17 05:34:25,016 views 22701 127386309887680 Attempting to open camera at index 2
WARNING 2025-04-17 05:34:25,128 views 22701 127386309887680 Could not open camera 2
INFO 2025-04-17 05:34:25,128 views 22701 127386309887680 Attempting to open camera at index 0
INFO 2025-04-17 05:34:26,135 views 22701 127386309887680 Successfully opened camera at index 0
INFO 2025-04-17 05:34:30,332 id_card_processor 22701 127386309887680 Capture timer started
INFO 2025-04-17 05:34:45,376 id_card_processor 22701 127386309887680 Capture triggered
INFO 2025-04-17 05:34:45,376 views 22701 127386309887680 Attempting to capture and process ID card
INFO 2025-04-17 05:34:45,378 id_card_processor 22701 127386309887680 Box coordinates set to: (96, 72, 448, 336)
INFO 2025-04-17 05:34:45,379 id_card_processor 22701 127386309887680 Images saved: media/id_cards/id_card_20250417_053445.jpg and media/id_cards/id_card_cropped_20250417_053445.jpg
INFO 2025-04-17 05:39:05,900 views 24542 135937497347520 Loaded book mapping for tag 0: {'title': 'The Alchemist', 'author': 'Paolo Coehlo', 'genre': 'Fiction', 'isbn': '123545432543523'}
INFO 2025-04-17 05:39:05,900 views 24542 135937497347520 Loaded book mapping for tag 1: {'title': 'The Idiot', 'author': 'John Smith', 'genre': 'Technology', 'isbn': '9780123456789'}
INFO 2025-04-17 05:39:10,411 cameras 24542 135932032321216 Successfully opened camera at index 0
INFO 2025-04-17 05:39:11,630 cameras 24542 135932032321216 Camera initialized successfully
INFO 2025-04-17 05:39:16,905 id_card_processor 24542 135932032321216 Capture timer started
INFO 2025-04-17 05:39:31,955 id_card_processor 24542 135932032321216 Capture triggered
INFO 2025-04-17 05:39:31,955 cameras 24542 135932032321216 Attempting to capture and process ID card
INFO 2025-04-17 05:39:31,959 id_card_processor 24542 135932032321216 Box coordinates set to: (96, 72, 448, 336)
INFO 2025-04-17 05:39:31,960 id_card_processor 24542 135932032321216 Images saved: media/id_cards/id_card_20250417_053931.jpg and media/id_cards/id_card_cropped_20250417_053931.jpg
INFO 2025-04-17 06:40:27,197 views 6376 140359875594048 Loaded book mapping for tag 0: {'title': 'The Alchemist', 'author': 'Paolo Coehlo', 'genre': 'Fiction', 'isbn': '123545432543523'}
INFO 2025-04-17 06:40:27,197 views 6376 140359875594048 Loaded book mapping for tag 1: {'title': 'The Idiot', 'author': 'John Smith', 'genre': 'Technology', 'isbn': '9780123456789'}
INFO 2025-04-17 06:40:31,971 cameras 6376 140351255873216 Successfully opened camera at index 1
INFO 2025-04-17 06:40:33,057 cameras 6376 140351255873216 Camera initialized successfully
INFO 2025-04-17 06:40:38,542 id_card_processor 6376 140351255873216 Capture timer started
INFO 2025-04-17 06:40:53,566 id_card_processor 6376 140351255873216 Capture triggered
INFO 2025-04-17 06:40:53,566 cameras 6376 140351255873216 Attempting to capture and process ID card
INFO 2025-04-17 06:40:53,571 id_card_processor 6376 140351255873216 Box coordinates set to: (96, 72, 448, 336)
INFO 2025-04-17 06:40:53,572 id_card_processor 6376 140351255873216 Images saved: media/id_cards/id_card_20250417_064053.jpg and media/id_cards/id_card_cropped_20250417_064053.jpg
INFO 2025-04-17 06:41:10,162 views 6837 139743193659200 Loaded book mapping for tag 0: {'title': 'The Alchemist', 'author': 'Paolo Coehlo', 'genre': 'Fiction', 'isbn': '123545432543523'}
INFO 2025-04-17 06:41:10,162 views 6837 139743193659200 Loaded book mapping for tag 1: {'title': 'The Idiot', 'author': 'John Smith', 'genre': 'Technology', 'isbn': '9780123456789'}
INFO 2025-04-17 06:41:14,969 cameras 6837 139734573647552 Successfully opened camera at index 1
INFO 2025-04-17 06:41:16,053 cameras 6837 139734573647552 Camera initialized successfully
INFO 2025-04-17 06:41:21,167 id_card_processor 6837 139734573647552 Capture timer started
INFO 2025-04-17 06:41:36,191 id_card_processor 6837 139734573647552 Capture triggered
INFO 2025-04-17 06:41:36,191 cameras 6837 139734573647552 Attempting to capture and process ID card
INFO 2025-04-17 06:41:36,195 id_card_processor 6837 139734573647552 Box coordinates set to: (96, 72, 448, 336)
INFO 2025-04-17 06:41:36,197 id_card_processor 6837 139734573647552 Images saved: media/id_cards/id_card_20250417_064136.jpg and media/id_cards/id_card_cropped_20250417_064136.jpg
INFO 2025-04-17 06:45:12,981 id_card_processor 6837 139734573647552 OCR completed successfully. Text saved to: media/id_cards/id_card_cropped_20250417_064136.txt
INFO 2025-04-17 06:45:12,981 cameras 6837 139734573647552 OCR completed successfully
INFO 2025-04-17 06:45:12,981 id_card_processor 6837 139734573647552 Switched to face detection mode
INFO 2025-04-17 06:45:12,985 id_card_processor 6837 139734573647552 Capture timer started
INFO 2025-04-17 06:45:28,018 id_card_processor 6837 139734573647552 Capture triggered
ERROR 2025-04-17 06:45:28,081 cameras 6837 139734573647552 No face detected. Please position your face in the green box.
INFO 2025-04-17 06:45:28,138 id_card_processor 6837 139734573647552 Capture timer started
INFO 2025-04-17 06:45:43,163 id_card_processor 6837 139734573647552 Capture triggered
ERROR 2025-04-17 06:45:43,229 cameras 6837 139734573647552 No face detected. Please position your face in the green box.
INFO 2025-04-17 06:45:43,283 id_card_processor 6837 139734573647552 Capture timer started
INFO 2025-04-17 06:45:52,860 cameras 6837 139734573647552 Face detected and saved to: media/faces/face_20250417_064552.jpg
INFO 2025-04-17 06:45:58,368 id_card_processor 6837 139734573647552 Capture triggered
INFO 2025-04-17 06:45:58,438 cameras 6837 139734573647552 Face detection completed successfully
INFO 2025-04-17 06:46:47,121 views 7677 128697275979584 Loaded book mapping for tag 0: {'title': 'The Alchemist', 'author': 'Paolo Coehlo', 'genre': 'Fiction', 'isbn': '123545432543523'}
INFO 2025-04-17 06:46:47,121 views 7677 128697275979584 Loaded book mapping for tag 1: {'title': 'The Idiot', 'author': 'John Smith', 'genre': 'Technology', 'isbn': '9780123456789'}
INFO 2025-04-17 06:46:54,737 cameras 7677 128688655959744 Successfully opened camera at index 1
INFO 2025-04-17 06:46:55,822 cameras 7677 128688655959744 Camera initialized successfully
INFO 2025-04-17 06:47:00,847 id_card_processor 7677 128688655959744 Capture timer started
INFO 2025-04-17 06:47:05,916 id_card_processor 7677 128688655959744 Capture triggered
INFO 2025-04-17 06:47:05,916 cameras 7677 128688655959744 Attempting to capture and process ID card
INFO 2025-04-17 06:47:05,921 id_card_processor 7677 128688655959744 Box coordinates set to: (96, 72, 448, 336)
INFO 2025-04-17 06:47:05,923 id_card_processor 7677 128688655959744 Images saved: media/id_cards/id_card_20250417_064705.jpg and media/id_cards/id_card_cropped_20250417_064705.jpg
INFO 2025-04-17 06:50:26,167 views 8048 133376835110720 Loaded book mapping for tag 0: {'title': 'The Alchemist', 'author': 'Paolo Coehlo', 'genre': 'Fiction', 'isbn': '123545432543523'}
INFO 2025-04-17 06:50:26,167 views 8048 133376835110720 Loaded book mapping for tag 1: {'title': 'The Idiot', 'author': 'John Smith', 'genre': 'Technology', 'isbn': '9780123456789'}
INFO 2025-04-17 06:50:35,231 cameras 8048 133368117200576 Successfully opened camera at index 1
INFO 2025-04-17 06:50:36,316 cameras 8048 133368117200576 Camera initialized successfully
INFO 2025-04-17 06:50:41,628 id_card_processor 8048 133368117200576 Capture timer started
INFO 2025-04-17 06:50:46,657 id_card_processor 8048 133368117200576 Capture triggered
INFO 2025-04-17 06:50:46,657 cameras 8048 133368117200576 Attempting to capture and process ID card
INFO 2025-04-17 06:50:46,662 id_card_processor 8048 133368117200576 Box coordinates set to: (96, 72, 448, 336)
INFO 2025-04-17 06:50:46,664 id_card_processor 8048 133368117200576 Images saved: media/id_cards/id_card_20250417_065046.jpg and media/id_cards/id_card_cropped_20250417_065046.jpg
INFO 2025-04-17 06:53:05,033 views 8444 139872139814720 Loaded book mapping for tag 0: {'title': 'The Alchemist', 'author': 'Paolo Coehlo', 'genre': 'Fiction', 'isbn': '123545432543523'}
INFO 2025-04-17 06:53:05,033 views 8444 139872139814720 Loaded book mapping for tag 1: {'title': 'The Idiot', 'author': 'John Smith', 'genre': 'Technology', 'isbn': '9780123456789'}
INFO 2025-04-17 06:53:15,584 cameras 8444 139863521232576 Successfully opened camera at index 1
INFO 2025-04-17 06:53:16,670 cameras 8444 139863521232576 Camera initialized successfully
INFO 2025-04-17 06:53:45,020 id_card_processor 8444 139863521232576 Capture timer started
INFO 2025-04-17 06:53:50,085 id_card_processor 8444 139863521232576 Capture triggered
INFO 2025-04-17 06:53:50,086 cameras 8444 139863521232576 Attempting to capture and process ID card
INFO 2025-04-17 06:53:50,091 id_card_processor 8444 139863521232576 Box coordinates set to: (96, 72, 448, 336)
INFO 2025-04-17 06:53:50,093 id_card_processor 8444 139863521232576 Images saved: media/id_cards/id_card_20250417_065350.jpg and media/id_cards/id_card_cropped_20250417_065350.jpg
INFO 2025-04-17 06:56:21,846 views 9871 126888341002048 Loaded book mapping for tag 0: {'title': 'The Alchemist', 'author': 'Paolo Coehlo', 'genre': 'Fiction', 'isbn': '123545432543523'}
INFO 2025-04-17 06:56:21,846 views 9871 126888341002048 Loaded book mapping for tag 1: {'title': 'The Idiot', 'author': 'John Smith', 'genre': 'Technology', 'isbn': '9780123456789'}
INFO 2025-04-17 06:56:31,016 cameras 9871 126879721850560 Successfully opened camera at index 1
INFO 2025-04-17 06:56:32,101 cameras 9871 126879721850560 Camera initialized successfully
INFO 2025-04-17 06:56:32,101 id_card_processor 9871 126879721850560 Using device: cpu
INFO 2025-04-17 06:56:38,593 id_card_processor 9871 126879721850560 Capture timer started
INFO 2025-04-17 06:56:43,621 id_card_processor 9871 126879721850560 Capture triggered
INFO 2025-04-17 06:56:43,621 cameras 9871 126879721850560 Attempting to capture and process ID card
INFO 2025-04-17 06:56:43,624 id_card_processor 9871 126879721850560 Box coordinates set to: (96, 72, 448, 336)
INFO 2025-04-17 06:56:43,626 id_card_processor 9871 126879721850560 Images saved: media/id_cards/id_card_20250417_065643.jpg and media/id_cards/id_card_cropped_20250417_065643.jpg
INFO 2025-04-17 07:00:06,718 id_card_processor 9871 126879721850560 OCR completed successfully. Text saved to: media/id_cards/id_card_cropped_20250417_065643.txt
INFO 2025-04-17 07:00:06,719 cameras 9871 126879721850560 OCR completed successfully
INFO 2025-04-17 07:00:06,719 id_card_processor 9871 126879721850560 Switched to face detection mode
INFO 2025-04-17 07:00:06,723 id_card_processor 9871 126879721850560 Capture timer started
INFO 2025-04-17 07:00:11,771 id_card_processor 9871 126879721850560 Capture triggered
ERROR 2025-04-17 07:00:11,830 cameras 9871 126879721850560 No face detected. Please position your face in the green box.
INFO 2025-04-17 07:00:11,839 id_card_processor 9871 126879721850560 Capture timer started
INFO 2025-04-17 07:00:16,872 id_card_processor 9871 126879721850560 Capture triggered
ERROR 2025-04-17 07:00:16,931 cameras 9871 126879721850560 No face detected. Please position your face in the green box.
INFO 2025-04-17 07:00:16,936 id_card_processor 9871 126879721850560 Capture timer started
INFO 2025-04-17 07:00:22,000 id_card_processor 9871 126879721850560 Capture triggered
ERROR 2025-04-17 07:00:22,060 cameras 9871 126879721850560 No face detected. Please position your face in the green box.
INFO 2025-04-17 07:00:22,068 id_card_processor 9871 126879721850560 Capture timer started
INFO 2025-04-17 07:00:27,100 id_card_processor 9871 126879721850560 Capture triggered
ERROR 2025-04-17 07:00:27,158 cameras 9871 126879721850560 No face detected. Please position your face in the green box.
INFO 2025-04-17 07:00:27,168 id_card_processor 9871 126879721850560 Capture timer started
INFO 2025-04-17 07:00:32,232 id_card_processor 9871 126879721850560 Capture triggered
ERROR 2025-04-17 07:00:32,290 cameras 9871 126879721850560 No face detected. Please position your face in the green box.
INFO 2025-04-17 07:00:32,296 id_card_processor 9871 126879721850560 Capture timer started
INFO 2025-04-17 07:00:36,254 cameras 9871 126879721850560 Face detected and saved to: media/faces/face_20250417_070036.jpg
INFO 2025-04-17 07:00:37,328 id_card_processor 9871 126879721850560 Capture triggered
ERROR 2025-04-17 07:00:37,396 cameras 9871 126879721850560 No face detected. Please position your face in the green box.
INFO 2025-04-17 07:00:37,400 id_card_processor 9871 126879721850560 Capture timer started
INFO 2025-04-17 07:00:42,460 id_card_processor 9871 126879721850560 Capture triggered
ERROR 2025-04-17 07:00:42,528 cameras 9871 126879721850560 No face detected. Please position your face in the green box.
INFO 2025-04-17 07:00:42,533 id_card_processor 9871 126879721850560 Capture timer started
INFO 2025-04-17 07:00:47,593 id_card_processor 9871 126879721850560 Capture triggered
ERROR 2025-04-17 07:00:47,664 cameras 9871 126879721850560 No face detected. Please position your face in the green box.
INFO 2025-04-17 07:00:47,668 id_card_processor 9871 126879721850560 Capture timer started
INFO 2025-04-17 07:00:52,688 id_card_processor 9871 126879721850560 Capture triggered
ERROR 2025-04-17 07:00:52,756 cameras 9871 126879721850560 No face detected. Please position your face in the green box.
INFO 2025-04-17 07:00:52,760 id_card_processor 9871 126879721850560 Capture timer started
INFO 2025-04-17 07:00:57,789 id_card_processor 9871 126879721850560 Capture triggered
ERROR 2025-04-17 07:00:57,859 cameras 9871 126879721850560 No face detected. Please position your face in the green box.
INFO 2025-04-17 07:00:57,863 id_card_processor 9871 126879721850560 Capture timer started
INFO 2025-04-17 07:05:19,582 views 10616 125694796621632 Loaded book mapping for tag 0: {'title': 'The Alchemist', 'author': 'Paolo Coehlo', 'genre': 'Fiction', 'isbn': '123545432543523'}
INFO 2025-04-17 07:05:19,582 views 10616 125694796621632 Loaded book mapping for tag 1: {'title': 'The Idiot', 'author': 'John Smith', 'genre': 'Technology', 'isbn': '9780123456789'}
INFO 2025-04-17 07:05:25,499 cameras 10616 125686176024256 Successfully opened camera at index 1
INFO 2025-04-17 07:05:26,584 cameras 10616 125686176024256 Camera initialized successfully
INFO 2025-04-17 07:05:26,585 id_card_processor 10616 125686176024256 Using device: cpu
INFO 2025-04-17 07:05:31,803 id_card_processor 10616 125686176024256 Capture timer started
INFO 2025-04-17 07:05:36,870 id_card_processor 10616 125686176024256 Capture triggered
INFO 2025-04-17 07:05:36,871 cameras 10616 125686176024256 Attempting to capture and process ID card
INFO 2025-04-17 07:05:36,875 id_card_processor 10616 125686176024256 Box coordinates set to: (96, 72, 448, 336)
INFO 2025-04-17 07:05:36,877 id_card_processor 10616 125686176024256 Images saved: media/id_cards/id_card_20250417_070536.jpg and media/id_cards/id_card_cropped_20250417_070536.jpg
INFO 2025-04-17 07:09:01,223 id_card_processor 10616 125686176024256 OCR completed successfully. Text saved to: media/id_cards/id_card_cropped_20250417_070536.txt
INFO 2025-04-17 07:09:01,224 cameras 10616 125686176024256 OCR completed successfully
INFO 2025-04-17 07:09:01,224 id_card_processor 10616 125686176024256 Switched to face detection mode
INFO 2025-04-17 07:09:01,228 id_card_processor 10616 125686176024256 Capture timer started
INFO 2025-04-17 07:09:06,256 id_card_processor 10616 125686176024256 Capture triggered
ERROR 2025-04-17 07:09:06,316 cameras 10616 125686176024256 No face detected. Please position your face in the green box.
INFO 2025-04-17 07:09:06,320 id_card_processor 10616 125686176024256 Capture timer started
INFO 2025-04-17 07:09:11,321 id_card_processor 10616 125686176024256 Capture triggered
ERROR 2025-04-17 07:09:11,379 cameras 10616 125686176024256 No face detected. Please position your face in the green box.
INFO 2025-04-17 07:09:11,384 id_card_processor 10616 125686176024256 Capture timer started
INFO 2025-04-17 07:09:16,211 cameras 10616 125686176024256 Face detected and saved to: media/faces/face_20250417_070916.jpg
INFO 2025-04-17 07:09:16,385 id_card_processor 10616 125686176024256 Capture triggered
ERROR 2025-04-17 07:09:16,453 cameras 10616 125686176024256 No face detected. Please position your face in the green box.
INFO 2025-04-17 07:09:16,457 id_card_processor 10616 125686176024256 Capture timer started
INFO 2025-04-17 07:09:21,518 id_card_processor 10616 125686176024256 Capture triggered
ERROR 2025-04-17 07:09:21,597 cameras 10616 125686176024256 No face detected. Please position your face in the green box.
INFO 2025-04-17 07:09:21,601 id_card_processor 10616 125686176024256 Capture timer started
INFO 2025-04-17 07:09:26,606 id_card_processor 10616 125686176024256 Capture triggered
ERROR 2025-04-17 07:09:26,677 cameras 10616 125686176024256 No face detected. Please position your face in the green box.
INFO 2025-04-17 07:09:26,681 id_card_processor 10616 125686176024256 Capture timer started
INFO 2025-04-17 07:09:31,706 id_card_processor 10616 125686176024256 Capture triggered
ERROR 2025-04-17 07:09:31,774 cameras 10616 125686176024256 No face detected. Please position your face in the green box.
INFO 2025-04-17 07:09:31,777 id_card_processor 10616 125686176024256 Capture timer started
INFO 2025-04-17 07:09:36,842 id_card_processor 10616 125686176024256 Capture triggered
ERROR 2025-04-17 07:09:36,907 cameras 10616 125686176024256 No face detected. Please position your face in the green box.
INFO 2025-04-17 07:09:36,911 id_card_processor 10616 125686176024256 Capture timer started
INFO 2025-04-17 07:09:42,006 id_card_processor 10616 125686176024256 Capture triggered
INFO 2025-04-17 07:09:42,077 cameras 10616 125686176024256 Face detection completed successfully
INFO 2025-04-17 07:11:57,968 views 11767 127804432873280 Loaded book mapping for tag 0: {'title': 'The Alchemist', 'author': 'Paolo Coehlo', 'genre': 'Fiction', 'isbn': '123545432543523'}
INFO 2025-04-17 07:11:57,968 views 11767 127804432873280 Loaded book mapping for tag 1: {'title': 'The Idiot', 'author': 'John Smith', 'genre': 'Technology', 'isbn': '9780123456789'}
INFO 2025-04-17 07:12:03,981 cameras 11767 127797819344576 Successfully opened camera at index 1
INFO 2025-04-17 07:12:05,066 cameras 11767 127797819344576 Camera initialized successfully
INFO 2025-04-17 07:12:05,066 id_card_processor 11767 127797819344576 Using device: cpu
INFO 2025-04-17 07:12:09,472 id_card_processor 11767 127797819344576 Capture timer started
INFO 2025-04-17 07:12:14,492 id_card_processor 11767 127797819344576 Capture triggered
INFO 2025-04-17 07:12:14,493 cameras 11767 127797819344576 Attempting to capture and process ID card
INFO 2025-04-17 07:12:14,497 id_card_processor 11767 127797819344576 Box coordinates set to: (96, 72, 448, 336)
INFO 2025-04-17 07:12:14,498 id_card_processor 11767 127797819344576 Images saved: media/id_cards/id_card_20250417_071214.jpg and media/id_cards/id_card_cropped_20250417_071214.jpg
INFO 2025-04-17 07:18:15,593 views 13681 134177413035840 Loaded book mapping for tag 0: {'title': 'The Alchemist', 'author': 'Paolo Coehlo', 'genre': 'Fiction', 'isbn': '123545432543523'}
INFO 2025-04-17 07:18:15,594 views 13681 134177413035840 Loaded book mapping for tag 1: {'title': 'The Idiot', 'author': 'John Smith', 'genre': 'Technology', 'isbn': '9780123456789'}
INFO 2025-04-17 07:18:25,208 cameras 13681 134170741311168 Successfully opened camera at index 1
INFO 2025-04-17 07:18:26,293 cameras 13681 134170741311168 Camera initialized successfully
INFO 2025-04-17 07:18:26,293 id_card_processor 13681 134170741311168 Using device: cpu
INFO 2025-04-17 07:18:31,826 id_card_processor 13681 134170741311168 Capture timer started
INFO 2025-04-17 07:18:36,854 id_card_processor 13681 134170741311168 Capture triggered
INFO 2025-04-17 07:18:36,854 cameras 13681 134170741311168 Attempting to capture and process ID card
INFO 2025-04-17 07:18:36,857 id_card_processor 13681 134170741311168 Box coordinates set to: (96, 72, 448, 336)
INFO 2025-04-17 07:18:36,859 id_card_processor 13681 134170741311168 Images saved: media/id_cards/id_card_20250417_071836.jpg and media/id_cards/id_card_cropped_20250417_071836.jpg
INFO 2025-04-17 07:21:21,291 views 14752 124716353193792 Loaded book mapping for tag 0: {'title': 'The Alchemist', 'author': 'Paolo Coehlo', 'genre': 'Fiction', 'isbn': '123545432543523'}
INFO 2025-04-17 07:21:21,291 views 14752 124716353193792 Loaded book mapping for tag 1: {'title': 'The Idiot', 'author': 'John Smith', 'genre': 'Technology', 'isbn': '9780123456789'}
INFO 2025-04-17 07:21:25,540 cameras 14752 124709683332800 Successfully opened camera at index 1
INFO 2025-04-17 07:21:26,625 cameras 14752 124709683332800 Camera initialized successfully
INFO 2025-04-17 07:21:26,626 id_card_processor 14752 124709683332800 Using device: cpu
INFO 2025-04-17 07:21:31,737 id_card_processor 14752 124709683332800 Capture timer started
INFO 2025-04-17 07:21:36,737 id_card_processor 14752 124709683332800 Capture triggered
INFO 2025-04-17 07:21:36,738 cameras 14752 124709683332800 Attempting to capture and process ID card
INFO 2025-04-17 07:21:36,743 id_card_processor 14752 124709683332800 Box coordinates set to: (96, 72, 448, 336)
INFO 2025-04-17 07:21:36,745 id_card_processor 14752 124709683332800 Images saved: media/id_cards/id_card_20250417_072136.jpg and media/id_cards/id_card_cropped_20250417_072136.jpg
INFO 2025-04-17 07:25:15,314 views 15453 126438080788288 Loaded book mapping for tag 0: {'title': 'The Alchemist', 'author': 'Paolo Coehlo', 'genre': 'Fiction', 'isbn': '123545432543523'}
INFO 2025-04-17 07:25:15,314 views 15453 126438080788288 Loaded book mapping for tag 1: {'title': 'The Idiot', 'author': 'John Smith', 'genre': 'Technology', 'isbn': '9780123456789'}
ERROR 2025-04-17 07:25:19,854 utils 15453 126431411570368 Error in Opening camera at index 1: too many values to unpack (expected 2)
ERROR 2025-04-17 07:25:19,856 utils 15453 126431411570368 Error in Camera initialization: Could not open any camera
ERROR 2025-04-17 07:25:19,856 utils 15453 126431411570368 Error in Creating camera of type id_card: Error in Camera initialization: Could not open any camera
ERROR 2025-04-17 07:25:19,856 utils 15453 126431411570368 Error in Video feed: Error in Creating camera of type id_card: Error in Camera initialization: Could not open any camera
INFO 2025-04-17 07:26:14,363 views 15786 124180808468288 Loaded book mapping for tag 0: {'title': 'The Alchemist', 'author': 'Paolo Coehlo', 'genre': 'Fiction', 'isbn': '123545432543523'}
INFO 2025-04-17 07:26:14,363 views 15786 124180808468288 Loaded book mapping for tag 1: {'title': 'The Idiot', 'author': 'John Smith', 'genre': 'Technology', 'isbn': '9780123456789'}
INFO 2025-04-17 07:26:26,174 views 15879 125448664504128 Loaded book mapping for tag 0: {'title': 'The Alchemist', 'author': 'Paolo Coehlo', 'genre': 'Fiction', 'isbn': '123545432543523'}
INFO 2025-04-17 07:26:26,174 views 15879 125448664504128 Loaded book mapping for tag 1: {'title': 'The Idiot', 'author': 'John Smith', 'genre': 'Technology', 'isbn': '9780123456789'}
ERROR 2025-04-17 07:26:55,102 utils 15879 125441994131136 Error in Opening camera at index 1: too many values to unpack (expected 2)
ERROR 2025-04-17 07:26:55,105 utils 15879 125441994131136 Error in Camera initialization: Could not open any camera
ERROR 2025-04-17 07:26:55,105 utils 15879 125441994131136 Error in Creating camera of type id_card: Error in Camera initialization: Could not open any camera
ERROR 2025-04-17 07:26:55,105 utils 15879 125441994131136 Error in Video feed: Error in Creating camera of type id_card: Error in Camera initialization: Could not open any camera
INFO 2025-04-17 07:26:55,105 cameras 15879 125441994131136 Camera stopped and resources released
INFO 2025-04-17 07:27:28,019 views 16086 128364774037312 Loaded book mapping for tag 0: {'title': 'The Alchemist', 'author': 'Paolo Coehlo', 'genre': 'Fiction', 'isbn': '123545432543523'}
INFO 2025-04-17 07:27:28,019 views 16086 128364774037312 Loaded book mapping for tag 1: {'title': 'The Idiot', 'author': 'John Smith', 'genre': 'Technology', 'isbn': '9780123456789'}
INFO 2025-04-17 07:27:38,827 views 16166 135235841324864 Loaded book mapping for tag 0: {'title': 'The Alchemist', 'author': 'Paolo Coehlo', 'genre': 'Fiction', 'isbn': '123545432543523'}
INFO 2025-04-17 07:27:38,827 views 16166 135235841324864 Loaded book mapping for tag 1: {'title': 'The Idiot', 'author': 'John Smith', 'genre': 'Technology', 'isbn': '9780123456789'}
INFO 2025-04-17 07:28:03,983 cameras 16166 135229171828416 Found working camera at index 1
INFO 2025-04-17 07:28:04,454 cameras 16166 135229171828416 Successfully opened camera at index 1
INFO 2025-04-17 07:28:05,541 cameras 16166 135229171828416 Camera initialized successfully
INFO 2025-04-17 07:28:05,542 id_card_processor 16166 135229171828416 Using device: cpu
INFO 2025-04-17 07:28:10,432 id_card_processor 16166 135229171828416 Capture timer started
INFO 2025-04-17 07:28:15,465 id_card_processor 16166 135229171828416 Capture triggered
INFO 2025-04-17 07:28:15,470 id_card_processor 16166 135229171828416 Box coordinates set to: (96, 72, 448, 336)
INFO 2025-04-17 07:28:15,472 id_card_processor 16166 135229171828416 Images saved: /media/putu/EC42-8749/shaRD/librarain/media/id_cards/id_card_20250417_072815.jpg and /media/putu/EC42-8749/shaRD/librarain/media/id_cards/id_card_cropped_20250417_072815.jpg
INFO 2025-04-17 07:35:37,488 views 3221 136539070150464 Loaded book mapping for tag 0: {'title': 'The Alchemist', 'author': 'Paolo Coehlo', 'genre': 'Fiction', 'isbn': '123545432543523'}
INFO 2025-04-17 07:35:37,488 views 3221 136539070150464 Loaded book mapping for tag 1: {'title': 'The Idiot', 'author': 'John Smith', 'genre': 'Technology', 'isbn': '9780123456789'}
INFO 2025-04-17 07:35:43,776 cameras 3221 136532358858432 Found working camera at index 1
INFO 2025-04-17 07:35:44,143 cameras 3221 136532358858432 Successfully opened camera at index 1
INFO 2025-04-17 07:35:45,229 cameras 3221 136532358858432 Camera initialized successfully
INFO 2025-04-17 07:35:45,429 id_card_processor 3221 136532358858432 Using device: cpu
INFO 2025-04-17 07:35:50,077 id_card_processor 3221 136532358858432 Capture timer started
INFO 2025-04-17 07:35:55,100 id_card_processor 3221 136532358858432 Capture triggered
INFO 2025-04-17 07:35:55,103 id_card_processor 3221 136532358858432 Box coordinates set to: (96, 72, 448, 336)
INFO 2025-04-17 07:35:55,104 id_card_processor 3221 136532358858432 Images saved: /media/putu/EC42-8749/shaRD/librarain/media/id_cards/id_card_20250417_073555.jpg and /media/putu/EC42-8749/shaRD/librarain/media/id_cards/id_card_cropped_20250417_073555.jpg
INFO 2025-04-17 07:49:56,481 views 3599 136427602892608 Loaded book mapping for tag 0: {'title': 'The Alchemist', 'author': 'Paolo Coehlo', 'genre': 'Fiction', 'isbn': '123545432543523'}
INFO 2025-04-17 07:49:56,481 views 3599 136427602892608 Loaded book mapping for tag 1: {'title': 'The Idiot', 'author': 'John Smith', 'genre': 'Technology', 'isbn': '9780123456789'}
INFO 2025-04-17 07:50:04,364 cameras 3599 136420891035328 Found working camera at index 1
INFO 2025-04-17 07:50:04,730 cameras 3599 136420891035328 Successfully opened camera at index 1
INFO 2025-04-17 07:50:05,816 cameras 3599 136420891035328 Camera initialized successfully
INFO 2025-04-17 07:50:05,841 id_card_processor 3599 136420891035328 Using device: cuda
ERROR 2025-04-17 07:50:11,578 utils 3599 136420891035328 Error in Creating camera of type id_card: Using a `device_map` or `tp_plan` requires `accelerate`. You can install it with `pip install accelerate`
ERROR 2025-04-17 07:50:11,578 utils 3599 136420891035328 Error in Video feed: Error in Creating camera of type id_card: Using a `device_map` or `tp_plan` requires `accelerate`. You can install it with `pip install accelerate`
INFO 2025-04-17 07:50:11,664 cameras 3599 136420891035328 Camera stopped and resources released
INFO 2025-04-17 07:50:47,223 views 4211 131964915963712 Loaded book mapping for tag 0: {'title': 'The Alchemist', 'author': 'Paolo Coehlo', 'genre': 'Fiction', 'isbn': '123545432543523'}
INFO 2025-04-17 07:50:47,223 views 4211 131964915963712 Loaded book mapping for tag 1: {'title': 'The Idiot', 'author': 'John Smith', 'genre': 'Technology', 'isbn': '9780123456789'}
INFO 2025-04-17 07:50:50,573 cameras 4211 131958212396736 Found working camera at index 1
INFO 2025-04-17 07:50:50,934 cameras 4211 131958212396736 Successfully opened camera at index 1
INFO 2025-04-17 07:50:52,020 cameras 4211 131958212396736 Camera initialized successfully
INFO 2025-04-17 07:50:52,038 id_card_processor 4211 131958212396736 Using device: cuda
ERROR 2025-04-17 07:51:17,234 utils 4211 131958212396736 Error in Creating camera of type id_card: FlashAttention2 has been toggled on, but it cannot be used due to the following error: the package flash_attn seems to be not installed. Please refer to the documentation of https://huggingface.co/docs/transformers/perf_infer_gpu_one#flashattention-2 to install Flash Attention 2.
ERROR 2025-04-17 07:51:17,234 utils 4211 131958212396736 Error in Video feed: Error in Creating camera of type id_card: FlashAttention2 has been toggled on, but it cannot be used due to the following error: the package flash_attn seems to be not installed. Please refer to the documentation of https://huggingface.co/docs/transformers/perf_infer_gpu_one#flashattention-2 to install Flash Attention 2.
INFO 2025-04-17 07:51:17,320 cameras 4211 131958212396736 Camera stopped and resources released
INFO 2025-04-17 07:52:54,742 views 4749 130791293699904 Loaded book mapping for tag 0: {'title': 'The Alchemist', 'author': 'Paolo Coehlo', 'genre': 'Fiction', 'isbn': '123545432543523'}
INFO 2025-04-17 07:52:54,742 views 4749 130791293699904 Loaded book mapping for tag 1: {'title': 'The Idiot', 'author': 'John Smith', 'genre': 'Technology', 'isbn': '9780123456789'}
INFO 2025-04-17 07:53:00,425 cameras 4749 130784589514432 Found working camera at index 1
INFO 2025-04-17 07:53:00,786 cameras 4749 130784589514432 Successfully opened camera at index 1
INFO 2025-04-17 07:53:01,872 cameras 4749 130784589514432 Camera initialized successfully
INFO 2025-04-17 07:53:01,893 id_card_processor 4749 130784589514432 Using device: cuda
INFO 2025-04-17 07:53:09,840 id_card_processor 4749 130784589514432 Capture timer started
INFO 2025-04-17 07:53:14,865 id_card_processor 4749 130784589514432 Capture triggered
INFO 2025-04-17 07:53:14,869 id_card_processor 4749 130784589514432 Box coordinates set to: (96, 72, 448, 336)
INFO 2025-04-17 07:53:14,871 id_card_processor 4749 130784589514432 Images saved: /media/putu/EC42-8749/shaRD/librarain/media/id_cards/id_card_20250417_075314.jpg and /media/putu/EC42-8749/shaRD/librarain/media/id_cards/id_card_cropped_20250417_075314.jpg
INFO 2025-04-17 07:53:16,121 id_card_processor 4749 130784589514432 OCR completed successfully. Text saved to: /media/putu/EC42-8749/shaRD/librarain/media/id_cards/id_card_cropped_20250417_075314.txt
INFO 2025-04-17 07:53:16,122 id_card_processor 4749 130784589514432 Switched to face detection mode
INFO 2025-04-17 07:53:16,126 id_card_processor 4749 130784589514432 Capture timer started
INFO 2025-04-17 07:53:21,185 id_card_processor 4749 130784589514432 Capture triggered
INFO 2025-04-17 07:53:21,301 id_card_processor 4749 130784589514432 Capture timer started
INFO 2025-04-17 07:53:26,353 id_card_processor 4749 130784589514432 Capture triggered
INFO 2025-04-17 07:53:26,427 id_card_processor 4749 130784589514432 Capture timer started
INFO 2025-04-17 07:53:31,480 id_card_processor 4749 130784589514432 Capture triggered
INFO 2025-04-17 07:53:31,559 id_card_processor 4749 130784589514432 Capture timer started
INFO 2025-04-17 07:53:36,613 id_card_processor 4749 130784589514432 Capture triggered
INFO 2025-04-17 07:53:36,689 id_card_processor 4749 130784589514432 Capture timer started
INFO 2025-04-17 07:53:41,745 id_card_processor 4749 130784589514432 Capture triggered
INFO 2025-04-17 07:53:41,821 id_card_processor 4749 130784589514432 Capture timer started
INFO 2025-04-17 07:53:46,846 id_card_processor 4749 130784589514432 Capture triggered
INFO 2025-04-17 07:53:46,925 id_card_processor 4749 130784589514432 Capture timer started
INFO 2025-04-17 07:53:51,943 id_card_processor 4749 130784589514432 Capture triggered
INFO 2025-04-17 07:53:52,020 id_card_processor 4749 130784589514432 Capture timer started
INFO 2025-04-17 07:53:57,039 id_card_processor 4749 130784589514432 Capture triggered
INFO 2025-04-17 07:53:57,114 id_card_processor 4749 130784589514432 Capture timer started
INFO 2025-04-17 07:54:02,171 id_card_processor 4749 130784589514432 Capture triggered
INFO 2025-04-17 07:54:02,239 id_card_processor 4749 130784589514432 Capture timer started
INFO 2025-04-17 07:54:07,272 id_card_processor 4749 130784589514432 Capture triggered
INFO 2025-04-17 07:54:07,345 id_card_processor 4749 130784589514432 Capture timer started
INFO 2025-04-17 07:54:12,437 id_card_processor 4749 130784589514432 Capture triggered
INFO 2025-04-17 07:54:12,557 id_card_processor 4749 130784589514432 Capture timer started
INFO 2025-04-17 07:54:17,557 id_card_processor 4749 130784589514432 Capture triggered
INFO 2025-04-17 07:54:17,647 id_card_processor 4749 130784589514432 Capture timer started
INFO 2025-04-17 07:54:22,690 id_card_processor 4749 130784589514432 Capture triggered
INFO 2025-04-17 07:54:22,761 id_card_processor 4749 130784589514432 Capture timer started
INFO 2025-04-17 07:54:27,822 id_card_processor 4749 130784589514432 Capture triggered
INFO 2025-04-17 07:54:27,901 id_card_processor 4749 130784589514432 Capture timer started
INFO 2025-04-17 07:54:32,950 id_card_processor 4749 130784589514432 Capture triggered
INFO 2025-04-17 07:54:33,024 id_card_processor 4749 130784589514432 Capture timer started
INFO 2025-04-17 07:54:38,083 id_card_processor 4749 130784589514432 Capture triggered
INFO 2025-04-17 07:54:38,160 id_card_processor 4749 130784589514432 Capture timer started
INFO 2025-04-17 07:54:43,186 id_card_processor 4749 130784589514432 Capture triggered
INFO 2025-04-17 07:54:45,222 cameras 4749 130784589514432 Camera stopped and resources released
INFO 2025-04-17 07:54:45,222 cameras 4749 130784589514432 Camera stopped and resources released
INFO 2025-04-17 07:54:47,801 cameras 4749 130781374580416 Found working camera at index 1
INFO 2025-04-17 07:54:48,271 cameras 4749 130781374580416 Successfully opened camera at index 1
INFO 2025-04-17 07:54:49,358 cameras 4749 130781374580416 Camera initialized successfully
INFO 2025-04-17 07:54:49,391 book_detector 4749 130781374580416 AprilTag detector initialized successfully
INFO 2025-04-17 07:54:49,392 cameras 4749 130781374580416 Camera stopped and resources released
INFO 2025-04-17 07:54:51,961 cameras 4749 130781374580416 Found working camera at index 1
INFO 2025-04-17 07:54:52,432 cameras 4749 130781374580416 Successfully opened camera at index 1
INFO 2025-04-17 07:54:53,521 cameras 4749 130781374580416 Camera initialized successfully
INFO 2025-04-17 07:54:53,521 id_card_processor 4749 130781374580416 Using device: cuda
INFO 2025-04-17 07:54:58,576 id_card_processor 4749 130781374580416 Capture timer started
INFO 2025-04-17 07:55:03,644 id_card_processor 4749 130781374580416 Capture triggered
INFO 2025-04-17 07:55:03,648 id_card_processor 4749 130781374580416 Box coordinates set to: (96, 72, 448, 336)
INFO 2025-04-17 07:55:03,650 id_card_processor 4749 130781374580416 Images saved: /media/putu/EC42-8749/shaRD/librarain/media/id_cards/id_card_20250417_075503.jpg and /media/putu/EC42-8749/shaRD/librarain/media/id_cards/id_card_cropped_20250417_075503.jpg
INFO 2025-04-17 07:55:04,451 id_card_processor 4749 130781374580416 OCR completed successfully. Text saved to: /media/putu/EC42-8749/shaRD/librarain/media/id_cards/id_card_cropped_20250417_075503.txt
INFO 2025-04-17 07:55:04,451 id_card_processor 4749 130781374580416 Switched to face detection mode
INFO 2025-04-17 07:55:04,455 id_card_processor 4749 130781374580416 Capture timer started
INFO 2025-04-17 07:55:09,504 id_card_processor 4749 130781374580416 Capture triggered
INFO 2025-04-17 07:55:09,578 id_card_processor 4749 130781374580416 Capture timer started
INFO 2025-04-17 07:55:14,628 id_card_processor 4749 130781374580416 Capture triggered
INFO 2025-04-17 07:55:14,702 id_card_processor 4749 130781374580416 Capture timer started
INFO 2025-04-17 07:55:19,729 id_card_processor 4749 130781374580416 Capture triggered
INFO 2025-04-17 08:03:13,395 views 10322 138515877394240 Loaded book mapping for tag 0: {'title': 'The Alchemist', 'author': 'Paolo Coehlo', 'genre': 'Fiction', 'isbn': '123545432543523'}
INFO 2025-04-17 08:03:13,395 views 10322 138515877394240 Loaded book mapping for tag 1: {'title': 'The Idiot', 'author': 'John Smith', 'genre': 'Technology', 'isbn': '9780123456789'}
INFO 2025-04-17 08:03:16,990 cameras 10322 138509174179520 Found working camera at index 1
INFO 2025-04-17 08:03:17,459 cameras 10322 138509174179520 Successfully opened camera at index 1
INFO 2025-04-17 08:03:18,547 cameras 10322 138509174179520 Camera initialized successfully
INFO 2025-04-17 08:03:18,566 id_card_processor 10322 138509174179520 Using device: cuda
INFO 2025-04-17 08:03:24,903 id_card_processor 10322 138509174179520 Capture timer started
INFO 2025-04-17 08:03:29,971 id_card_processor 10322 138509174179520 Capture triggered
INFO 2025-04-17 08:03:29,976 id_card_processor 10322 138509174179520 Box coordinates set to: (96, 72, 448, 336)
INFO 2025-04-17 08:03:29,978 id_card_processor 10322 138509174179520 Images saved: /media/putu/EC42-8749/shaRD/librarain/media/id_cards/id_card_20250417_080329.jpg and /media/putu/EC42-8749/shaRD/librarain/media/id_cards/id_card_cropped_20250417_080329.jpg
INFO 2025-04-17 08:03:31,193 id_card_processor 10322 138509174179520 OCR completed successfully. Text saved to: /media/putu/EC42-8749/shaRD/librarain/media/id_cards/id_card_cropped_20250417_080329.txt
INFO 2025-04-17 08:03:31,193 id_card_processor 10322 138509174179520 Switched to face detection mode
INFO 2025-04-17 08:03:31,196 id_card_processor 10322 138509174179520 Capture timer started
INFO 2025-04-17 08:03:36,292 id_card_processor 10322 138509174179520 Capture triggered
INFO 2025-04-17 08:03:36,411 id_card_processor 10322 138509174179520 Capture timer started
INFO 2025-04-17 08:03:41,480 id_card_processor 10322 138509174179520 Capture triggered
INFO 2025-04-17 08:03:41,599 id_card_processor 10322 138509174179520 Capture timer started
INFO 2025-04-17 08:03:46,624 id_card_processor 10322 138509174179520 Capture triggered
INFO 2025-04-17 08:03:46,744 id_card_processor 10322 138509174179520 Capture timer started
INFO 2025-04-17 08:03:51,752 id_card_processor 10322 138509174179520 Capture triggered
INFO 2025-04-17 08:03:51,829 id_card_processor 10322 138509174179520 Capture timer started
INFO 2025-04-17 08:03:56,837 id_card_processor 10322 138509174179520 Capture triggered
INFO 2025-04-17 08:04:20,130 cameras 10322 138509174179520 Camera stopped and resources released
INFO 2025-04-17 08:04:20,130 cameras 10322 138509174179520 Camera stopped and resources released
INFO 2025-04-17 09:19:41,228 views 14331 133559065282048 Loaded book mapping for tag 0: {'title': 'The Alchemist', 'author': 'Paolo Coehlo', 'genre': 'Fiction', 'isbn': '123545432543523'}
INFO 2025-04-17 09:19:41,228 views 14331 133559065282048 Loaded book mapping for tag 1: {'title': 'The Idiot', 'author': 'John Smith', 'genre': 'Technology', 'isbn': '9780123456789'}
INFO 2025-04-17 09:19:59,040 views 14435 139840705263104 Loaded book mapping for tag 0: {'title': 'The Alchemist', 'author': 'Paolo Coehlo', 'genre': 'Fiction', 'isbn': '123545432543523'}
INFO 2025-04-17 09:19:59,040 views 14435 139840705263104 Loaded book mapping for tag 1: {'title': 'The Idiot', 'author': 'John Smith', 'genre': 'Technology', 'isbn': '9780123456789'}
INFO 2025-04-17 09:20:03,436 cameras 14435 139834001721024 Found working camera at index 1
INFO 2025-04-17 09:20:03,800 cameras 14435 139834001721024 Successfully opened camera at index 1
INFO 2025-04-17 09:20:04,886 cameras 14435 139834001721024 Camera initialized successfully
INFO 2025-04-17 09:20:04,906 id_card_processor 14435 139834001721024 Using device: cuda
INFO 2025-04-17 09:20:11,704 id_card_processor 14435 139834001721024 Capture timer started
INFO 2025-04-17 09:20:16,745 id_card_processor 14435 139834001721024 Capture triggered
INFO 2025-04-17 09:20:16,749 id_card_processor 14435 139834001721024 Box coordinates set to: (96, 72, 448, 336)
INFO 2025-04-17 09:20:16,751 id_card_processor 14435 139834001721024 Images saved: /media/putu/EC42-8749/shaRD/librarain/media/id_cards/id_card_20250417_092016.jpg and /media/putu/EC42-8749/shaRD/librarain/media/id_cards/id_card_cropped_20250417_092016.jpg
INFO 2025-04-17 09:20:17,878 id_card_processor 14435 139834001721024 OCR completed successfully. Text saved to: /media/putu/EC42-8749/shaRD/librarain/media/id_cards/id_card_cropped_20250417_092016.txt
INFO 2025-04-17 09:20:17,878 id_card_processor 14435 139834001721024 Switched to face detection mode
INFO 2025-04-17 09:20:17,882 id_card_processor 14435 139834001721024 Capture timer started
INFO 2025-04-17 09:20:22,897 id_card_processor 14435 139834001721024 Capture triggered
INFO 2025-04-17 09:20:27,430 cameras 14435 139834001721024 Camera stopped and resources released
INFO 2025-04-17 09:20:27,430 cameras 14435 139834001721024 Camera stopped and resources released
INFO 2025-04-17 09:45:34,938 views 15727 135786583918080 Loaded book mapping for tag 0: {'title': 'The Alchemist', 'author': 'Paolo Coehlo', 'genre': 'Fiction', 'isbn': '123545432543523'}
INFO 2025-04-17 09:45:34,939 views 15727 135786583918080 Loaded book mapping for tag 1: {'title': 'The Idiot', 'author': 'John Smith', 'genre': 'Technology', 'isbn': '9780123456789'}
INFO 2025-04-17 09:45:39,897 cameras 15727 135779883943616 Found working camera at index 1
INFO 2025-04-17 09:45:40,365 cameras 15727 135779883943616 Successfully opened camera at index 1
INFO 2025-04-17 09:45:41,453 cameras 15727 135779883943616 Camera initialized successfully
INFO 2025-04-17 09:45:41,475 id_card_processor 15727 135779883943616 Using device: cuda
INFO 2025-04-17 09:45:47,138 id_card_processor 15727 135779883943616 Capture timer started
INFO 2025-04-17 09:45:52,205 id_card_processor 15727 135779883943616 Capture triggered
INFO 2025-04-17 09:45:52,207 id_card_processor 15727 135779883943616 Box coordinates set to: (96, 72, 448, 336)
INFO 2025-04-17 09:45:52,208 id_card_processor 15727 135779883943616 Images saved: /media/putu/EC42-8749/shaRD/librarain/media/id_cards/id_card_20250417_094552.jpg and /media/putu/EC42-8749/shaRD/librarain/media/id_cards/id_card_cropped_20250417_094552.jpg
INFO 2025-04-17 09:45:53,875 id_card_processor 15727 135779883943616 OCR completed successfully. Text saved to: /media/putu/EC42-8749/shaRD/librarain/media/id_cards/id_card_cropped_20250417_094552.txt
INFO 2025-04-17 09:45:53,876 id_card_processor 15727 135779883943616 Switched to face detection mode
INFO 2025-04-17 09:45:53,879 id_card_processor 15727 135779883943616 Capture timer started
INFO 2025-04-17 09:45:58,886 id_card_processor 15727 135779883943616 Capture triggered
INFO 2025-04-17 09:47:15,031 cameras 15727 135779883943616 Camera stopped and resources released
INFO 2025-04-17 09:47:15,031 cameras 15727 135779883943616 Camera stopped and resources released
INFO 2025-04-17 09:50:00,003 views 16827 139830695994880 Loaded book mapping for tag 0: {'title': 'The Alchemist', 'author': 'Paolo Coehlo', 'genre': 'Fiction', 'isbn': '123545432543523'}
INFO 2025-04-17 09:50:00,003 views 16827 139830695994880 Loaded book mapping for tag 1: {'title': 'The Idiot', 'author': 'John Smith', 'genre': 'Technology', 'isbn': '9780123456789'}
INFO 2025-04-17 09:50:21,756 cameras 16827 139823996208832 Found working camera at index 1
INFO 2025-04-17 09:50:22,226 cameras 16827 139823996208832 Successfully opened camera at index 1
INFO 2025-04-17 09:50:23,313 cameras 16827 139823996208832 Camera initialized successfully
INFO 2025-04-17 09:50:23,334 id_card_processor 16827 139823996208832 Using device: cuda
INFO 2025-04-17 09:50:29,682 id_card_processor 16827 139823996208832 Capture timer started
INFO 2025-04-17 09:50:34,690 id_card_processor 16827 139823996208832 Capture triggered
INFO 2025-04-17 09:50:34,693 id_card_processor 16827 139823996208832 Box coordinates set to: (96, 72, 448, 336)
INFO 2025-04-17 09:50:34,698 id_card_processor 16827 139823996208832 Images saved: /media/putu/EC42-8749/shaRD/librarain/media/id_cards/id_card_20250417_095034.jpg and /media/putu/EC42-8749/shaRD/librarain/media/id_cards/id_card_cropped_20250417_095034.jpg
INFO 2025-04-17 09:50:36,000 id_card_processor 16827 139823996208832 OCR completed successfully. Text saved to: /media/putu/EC42-8749/shaRD/librarain/media/id_cards/id_card_cropped_20250417_095034.txt
INFO 2025-04-17 09:50:36,000 id_card_processor 16827 139823996208832 Switched to face detection mode
INFO 2025-04-17 09:50:36,004 id_card_processor 16827 139823996208832 Capture timer started
INFO 2025-04-17 09:50:41,070 id_card_processor 16827 139823996208832 Capture triggered
INFO 2025-04-17 09:50:48,534 cameras 16827 139823996208832 Camera stopped and resources released
INFO 2025-04-17 09:50:48,534 cameras 16827 139823996208832 Camera stopped and resources released
INFO 2025-04-17 09:53:59,319 views 17683 132273681147392 Loaded book mapping for tag 0: {'title': 'The Alchemist', 'author': 'Paolo Coehlo', 'genre': 'Fiction', 'isbn': '123545432543523'}
INFO 2025-04-17 09:53:59,319 views 17683 132273681147392 Loaded book mapping for tag 1: {'title': 'The Idiot', 'author': 'John Smith', 'genre': 'Technology', 'isbn': '9780123456789'}
INFO 2025-04-17 09:54:16,864 views 17792 133591456810496 Loaded book mapping for tag 0: {'title': 'The Alchemist', 'author': 'Paolo Coehlo', 'genre': 'Fiction', 'isbn': '123545432543523'}
INFO 2025-04-17 09:54:16,864 views 17792 133591456810496 Loaded book mapping for tag 1: {'title': 'The Idiot', 'author': 'John Smith', 'genre': 'Technology', 'isbn': '9780123456789'}
INFO 2025-04-17 09:55:00,768 views 17889 125755055404544 Loaded book mapping for tag 0: {'title': 'The Alchemist', 'author': 'Paolo Coehlo', 'genre': 'Fiction', 'isbn': '123545432543523'}
INFO 2025-04-17 09:55:00,768 views 17889 125755055404544 Loaded book mapping for tag 1: {'title': 'The Idiot', 'author': 'John Smith', 'genre': 'Technology', 'isbn': '9780123456789'}
INFO 2025-04-17 09:56:10,167 views 18020 137556427982336 Loaded book mapping for tag 0: {'title': 'The Alchemist', 'author': 'Paolo Coehlo', 'genre': 'Fiction', 'isbn': '123545432543523'}
INFO 2025-04-17 09:56:10,167 views 18020 137556427982336 Loaded book mapping for tag 1: {'title': 'The Idiot', 'author': 'John Smith', 'genre': 'Technology', 'isbn': '9780123456789'}
INFO 2025-04-17 09:56:20,124 views 18102 140154448913920 Loaded book mapping for tag 0: {'title': 'The Alchemist', 'author': 'Paolo Coehlo', 'genre': 'Fiction', 'isbn': '123545432543523'}
INFO 2025-04-17 09:56:20,124 views 18102 140154448913920 Loaded book mapping for tag 1: {'title': 'The Idiot', 'author': 'John Smith', 'genre': 'Technology', 'isbn': '9780123456789'}
INFO 2025-04-17 09:56:37,931 views 18177 140434745447936 Loaded book mapping for tag 0: {'title': 'The Alchemist', 'author': 'Paolo Coehlo', 'genre': 'Fiction', 'isbn': '123545432543523'}
INFO 2025-04-17 09:56:37,931 views 18177 140434745447936 Loaded book mapping for tag 1: {'title': 'The Idiot', 'author': 'John Smith', 'genre': 'Technology', 'isbn': '9780123456789'}
INFO 2025-04-17 09:57:04,524 views 18285 133109424985600 Loaded book mapping for tag 0: {'title': 'The Alchemist', 'author': 'Paolo Coehlo', 'genre': 'Fiction', 'isbn': '123545432543523'}
INFO 2025-04-17 09:57:04,524 views 18285 133109424985600 Loaded book mapping for tag 1: {'title': 'The Idiot', 'author': 'John Smith', 'genre': 'Technology', 'isbn': '9780123456789'}
INFO 2025-04-17 09:57:15,307 views 18369 129758717478400 Loaded book mapping for tag 0: {'title': 'The Alchemist', 'author': 'Paolo Coehlo', 'genre': 'Fiction', 'isbn': '123545432543523'}
INFO 2025-04-17 09:57:15,307 views 18369 129758717478400 Loaded book mapping for tag 1: {'title': 'The Idiot', 'author': 'John Smith', 'genre': 'Technology', 'isbn': '9780123456789'}
INFO 2025-04-17 09:59:03,345 views 18575 130754025190912 Loaded book mapping for tag 0: {'title': 'The Alchemist', 'author': 'Paolo Coehlo', 'genre': 'Fiction', 'isbn': '123545432543523'}
INFO 2025-04-17 09:59:03,345 views 18575 130754025190912 Loaded book mapping for tag 1: {'title': 'The Idiot', 'author': 'John Smith', 'genre': 'Technology', 'isbn': '9780123456789'}
INFO 2025-04-17 09:59:23,394 views 18660 132017793877504 Loaded book mapping for tag 0: {'title': 'The Alchemist', 'author': 'Paolo Coehlo', 'genre': 'Fiction', 'isbn': '123545432543523'}
INFO 2025-04-17 09:59:23,394 views 18660 132017793877504 Loaded book mapping for tag 1: {'title': 'The Idiot', 'author': 'John Smith', 'genre': 'Technology', 'isbn': '9780123456789'}
INFO 2025-04-17 09:59:47,260 views 18787 126725981611520 Loaded book mapping for tag 0: {'title': 'The Alchemist', 'author': 'Paolo Coehlo', 'genre': 'Fiction', 'isbn': '123545432543523'}
INFO 2025-04-17 09:59:47,260 views 18787 126725981611520 Loaded book mapping for tag 1: {'title': 'The Idiot', 'author': 'John Smith', 'genre': 'Technology', 'isbn': '9780123456789'}
INFO 2025-04-17 09:59:56,240 views 18862 136595366565376 Loaded book mapping for tag 0: {'title': 'The Alchemist', 'author': 'Paolo Coehlo', 'genre': 'Fiction', 'isbn': '123545432543523'}
INFO 2025-04-17 09:59:56,240 views 18862 136595366565376 Loaded book mapping for tag 1: {'title': 'The Idiot', 'author': 'John Smith', 'genre': 'Technology', 'isbn': '9780123456789'}
INFO 2025-04-17 10:01:58,709 views 19796 132042919478784 Loaded book mapping for tag 0: {'title': 'The Alchemist', 'author': 'Paolo Coehlo', 'genre': 'Fiction', 'isbn': '123545432543523'}
INFO 2025-04-17 10:01:58,709 views 19796 132042919478784 Loaded book mapping for tag 1: {'title': 'The Idiot', 'author': 'John Smith', 'genre': 'Technology', 'isbn': '9780123456789'}
INFO 2025-04-17 10:02:15,061 views 19905 138259655296512 Loaded book mapping for tag 0: {'title': 'The Alchemist', 'author': 'Paolo Coehlo', 'genre': 'Fiction', 'isbn': '123545432543523'}
INFO 2025-04-17 10:02:15,061 views 19905 138259655296512 Loaded book mapping for tag 1: {'title': 'The Idiot', 'author': 'John Smith', 'genre': 'Technology', 'isbn': '9780123456789'}
INFO 2025-04-17 10:02:24,500 views 19987 126706142590464 Loaded book mapping for tag 0: {'title': 'The Alchemist', 'author': 'Paolo Coehlo', 'genre': 'Fiction', 'isbn': '123545432543523'}
INFO 2025-04-17 10:02:24,501 views 19987 126706142590464 Loaded book mapping for tag 1: {'title': 'The Idiot', 'author': 'John Smith', 'genre': 'Technology', 'isbn': '9780123456789'}
INFO 2025-04-17 10:02:34,706 views 20089 133158981010944 Loaded book mapping for tag 0: {'title': 'The Alchemist', 'author': 'Paolo Coehlo', 'genre': 'Fiction', 'isbn': '123545432543523'}
INFO 2025-04-17 10:02:34,706 views 20089 133158981010944 Loaded book mapping for tag 1: {'title': 'The Idiot', 'author': 'John Smith', 'genre': 'Technology', 'isbn': '9780123456789'}
INFO 2025-04-17 10:03:11,788 views 20191 134962726159872 Loaded book mapping for tag 0: {'title': 'The Alchemist', 'author': 'Paolo Coehlo', 'genre': 'Fiction', 'isbn': '123545432543523'}
INFO 2025-04-17 10:03:11,788 views 20191 134962726159872 Loaded book mapping for tag 1: {'title': 'The Idiot', 'author': 'John Smith', 'genre': 'Technology', 'isbn': '9780123456789'}
INFO 2025-04-17 10:04:13,953 views 20421 131842523567616 Loaded book mapping for tag 0: {'title': 'The Alchemist', 'author': 'Paolo Coehlo', 'genre': 'Fiction', 'isbn': '123545432543523'}
INFO 2025-04-17 10:04:13,953 views 20421 131842523567616 Loaded book mapping for tag 1: {'title': 'The Idiot', 'author': 'John Smith', 'genre': 'Technology', 'isbn': '9780123456789'}
INFO 2025-04-17 10:04:31,545 views 20519 123413606094336 Loaded book mapping for tag 0: {'title': 'The Alchemist', 'author': 'Paolo Coehlo', 'genre': 'Fiction', 'isbn': '123545432543523'}
INFO 2025-04-17 10:04:31,545 views 20519 123413606094336 Loaded book mapping for tag 1: {'title': 'The Idiot', 'author': 'John Smith', 'genre': 'Technology', 'isbn': '9780123456789'}
INFO 2025-04-17 10:05:56,081 views 20874 123523666277888 Loaded book mapping for tag 0: {'title': 'The Alchemist', 'author': 'Paolo Coehlo', 'genre': 'Fiction', 'isbn': '123545432543523'}
INFO 2025-04-17 10:05:56,082 views 20874 123523666277888 Loaded book mapping for tag 1: {'title': 'The Idiot', 'author': 'John Smith', 'genre': 'Technology', 'isbn': '9780123456789'}
INFO 2025-04-17 10:08:12,583 views 21087 127141899322880 Loaded book mapping for tag 0: {'title': 'The Alchemist', 'author': 'Paolo Coehlo', 'genre': 'Fiction', 'isbn': '123545432543523'}
INFO 2025-04-17 10:08:12,583 views 21087 127141899322880 Loaded book mapping for tag 1: {'title': 'The Idiot', 'author': 'John Smith', 'genre': 'Technology', 'isbn': '9780123456789'}
INFO 2025-04-17 10:08:20,958 views 21168 126684778739200 Loaded book mapping for tag 0: {'title': 'The Alchemist', 'author': 'Paolo Coehlo', 'genre': 'Fiction', 'isbn': '123545432543523'}
INFO 2025-04-17 10:08:20,958 views 21168 126684778739200 Loaded book mapping for tag 1: {'title': 'The Idiot', 'author': 'John Smith', 'genre': 'Technology', 'isbn': '9780123456789'}
INFO 2025-04-17 10:08:31,845 views 21250 140469652137472 Loaded book mapping for tag 0: {'title': 'The Alchemist', 'author': 'Paolo Coehlo', 'genre': 'Fiction', 'isbn': '123545432543523'}
INFO 2025-04-17 10:08:31,845 views 21250 140469652137472 Loaded book mapping for tag 1: {'title': 'The Idiot', 'author': 'John Smith', 'genre': 'Technology', 'isbn': '9780123456789'}
INFO 2025-04-17 10:10:20,922 views 21628 127613183284736 Loaded book mapping for tag 0: {'title': 'The Alchemist', 'author': 'Paolo Coehlo', 'genre': 'Fiction', 'isbn': '123545432543523'}
INFO 2025-04-17 10:10:20,922 views 21628 127613183284736 Loaded book mapping for tag 1: {'title': 'The Idiot', 'author': 'John Smith', 'genre': 'Technology', 'isbn': '9780123456789'}
INFO 2025-04-17 10:10:34,039 views 21718 136492330472960 Loaded book mapping for tag 0: {'title': 'The Alchemist', 'author': 'Paolo Coehlo', 'genre': 'Fiction', 'isbn': '123545432543523'}
INFO 2025-04-17 10:10:34,039 views 21718 136492330472960 Loaded book mapping for tag 1: {'title': 'The Idiot', 'author': 'John Smith', 'genre': 'Technology', 'isbn': '9780123456789'}
INFO 2025-04-17 10:10:44,984 views 21784 132730680956416 Loaded book mapping for tag 0: {'title': 'The Alchemist', 'author': 'Paolo Coehlo', 'genre': 'Fiction', 'isbn': '123545432543523'}
INFO 2025-04-17 10:10:44,984 views 21784 132730680956416 Loaded book mapping for tag 1: {'title': 'The Idiot', 'author': 'John Smith', 'genre': 'Technology', 'isbn': '9780123456789'}
INFO 2025-04-17 10:11:15,845 views 21914 137075315553792 Loaded book mapping for tag 0: {'title': 'The Alchemist', 'author': 'Paolo Coehlo', 'genre': 'Fiction', 'isbn': '123545432543523'}
INFO 2025-04-17 10:11:15,846 views 21914 137075315553792 Loaded book mapping for tag 1: {'title': 'The Idiot', 'author': 'John Smith', 'genre': 'Technology', 'isbn': '9780123456789'}
INFO 2025-04-17 10:12:28,838 views 22209 127712002446848 Loaded book mapping for tag 0: {'title': 'The Alchemist', 'author': 'Paolo Coehlo', 'genre': 'Fiction', 'isbn': '123545432543523'}
INFO 2025-04-17 10:12:28,838 views 22209 127712002446848 Loaded book mapping for tag 1: {'title': 'The Idiot', 'author': 'John Smith', 'genre': 'Technology', 'isbn': '9780123456789'}
INFO 2025-04-17 10:12:59,779 views 22342 139773459318272 Loaded book mapping for tag 0: {'title': 'The Alchemist', 'author': 'Paolo Coehlo', 'genre': 'Fiction', 'isbn': '123545432543523'}
INFO 2025-04-17 10:12:59,779 views 22342 139773459318272 Loaded book mapping for tag 1: {'title': 'The Idiot', 'author': 'John Smith', 'genre': 'Technology', 'isbn': '9780123456789'}
INFO 2025-04-17 10:13:40,426 views 22594 124579177420608 Loaded book mapping for tag 0: {'title': 'The Alchemist', 'author': 'Paolo Coehlo', 'genre': 'Fiction', 'isbn': '123545432543523'}
INFO 2025-04-17 10:13:40,426 views 22594 124579177420608 Loaded book mapping for tag 1: {'title': 'The Idiot', 'author': 'John Smith', 'genre': 'Technology', 'isbn': '9780123456789'}
INFO 2025-04-17 10:13:56,585 views 22713 138506224576320 Loaded book mapping for tag 0: {'title': 'The Alchemist', 'author': 'Paolo Coehlo', 'genre': 'Fiction', 'isbn': '123545432543523'}
INFO 2025-04-17 10:13:56,585 views 22713 138506224576320 Loaded book mapping for tag 1: {'title': 'The Idiot', 'author': 'John Smith', 'genre': 'Technology', 'isbn': '9780123456789'}
INFO 2025-04-17 10:15:06,759 views 23348 124452527798080 Loaded book mapping for tag 0: {'title': 'The Alchemist', 'author': 'Paolo Coehlo', 'genre': 'Fiction', 'isbn': '123545432543523'}
INFO 2025-04-17 10:15:06,759 views 23348 124452527798080 Loaded book mapping for tag 1: {'title': 'The Idiot', 'author': 'John Smith', 'genre': 'Technology', 'isbn': '9780123456789'}
INFO 2025-04-17 10:15:11,265 views 23403 126685259736896 Loaded book mapping for tag 0: {'title': 'The Alchemist', 'author': 'Paolo Coehlo', 'genre': 'Fiction', 'isbn': '123545432543523'}
INFO 2025-04-17 10:15:11,265 views 23403 126685259736896 Loaded book mapping for tag 1: {'title': 'The Idiot', 'author': 'John Smith', 'genre': 'Technology', 'isbn': '9780123456789'}
INFO 2025-04-17 10:15:12,731 views 23451 124065602676544 Loaded book mapping for tag 0: {'title': 'The Alchemist', 'author': 'Paolo Coehlo', 'genre': 'Fiction', 'isbn': '123545432543523'}
INFO 2025-04-17 10:15:12,731 views 23451 124065602676544 Loaded book mapping for tag 1: {'title': 'The Idiot', 'author': 'John Smith', 'genre': 'Technology', 'isbn': '9780123456789'}
INFO 2025-04-17 10:15:21,526 views 23543 140094214952768 Loaded book mapping for tag 0: {'title': 'The Alchemist', 'author': 'Paolo Coehlo', 'genre': 'Fiction', 'isbn': '123545432543523'}
INFO 2025-04-17 10:15:21,526 views 23543 140094214952768 Loaded book mapping for tag 1: {'title': 'The Idiot', 'author': 'John Smith', 'genre': 'Technology', 'isbn': '9780123456789'}
INFO 2025-04-17 10:15:56,642 views 23820 127126721546048 Loaded book mapping for tag 0: {'title': 'The Alchemist', 'author': 'Paolo Coehlo', 'genre': 'Fiction', 'isbn': '123545432543523'}
INFO 2025-04-17 10:15:56,643 views 23820 127126721546048 Loaded book mapping for tag 1: {'title': 'The Idiot', 'author': 'John Smith', 'genre': 'Technology', 'isbn': '9780123456789'}
INFO 2025-04-17 10:16:06,634 views 23917 132110609827648 Loaded book mapping for tag 0: {'title': 'The Alchemist', 'author': 'Paolo Coehlo', 'genre': 'Fiction', 'isbn': '123545432543523'}
INFO 2025-04-17 10:16:06,634 views 23917 132110609827648 Loaded book mapping for tag 1: {'title': 'The Idiot', 'author': 'John Smith', 'genre': 'Technology', 'isbn': '9780123456789'}
INFO 2025-04-17 10:16:48,201 views 24237 128648409212416 Loaded book mapping for tag 0: {'title': 'The Alchemist', 'author': 'Paolo Coehlo', 'genre': 'Fiction', 'isbn': '123545432543523'}
INFO 2025-04-17 10:16:48,201 views 24237 128648409212416 Loaded book mapping for tag 1: {'title': 'The Idiot', 'author': 'John Smith', 'genre': 'Technology', 'isbn': '9780123456789'}
INFO 2025-04-17 10:17:01,741 views 24357 128819917116928 Loaded book mapping for tag 0: {'title': 'The Alchemist', 'author': 'Paolo Coehlo', 'genre': 'Fiction', 'isbn': '123545432543523'}
INFO 2025-04-17 10:17:01,741 views 24357 128819917116928 Loaded book mapping for tag 1: {'title': 'The Idiot', 'author': 'John Smith', 'genre': 'Technology', 'isbn': '9780123456789'}
INFO 2025-04-17 10:20:41,696 views 24619 127979514095104 Loaded book mapping for tag 0: {'title': 'The Alchemist', 'author': 'Paolo Coehlo', 'genre': 'Fiction', 'isbn': '123545432543523'}
INFO 2025-04-17 10:20:41,696 views 24619 127979514095104 Loaded book mapping for tag 1: {'title': 'The Idiot', 'author': 'John Smith', 'genre': 'Technology', 'isbn': '9780123456789'}
INFO 2025-04-17 10:21:59,278 views 24812 137393455646208 Loaded book mapping for tag 0: {'title': 'The Alchemist', 'author': 'Paolo Coehlo', 'genre': 'Fiction', 'isbn': '123545432543523'}
INFO 2025-04-17 10:21:59,278 views 24812 137393455646208 Loaded book mapping for tag 1: {'title': 'The Idiot', 'author': 'John Smith', 'genre': 'Technology', 'isbn': '9780123456789'}
INFO 2025-04-17 10:41:10,334 views 25329 131383551022592 Loaded book mapping for tag 0: {'title': 'The Alchemist', 'author': 'Paolo Coehlo', 'genre': 'Fiction', 'isbn': '123545432543523'}
INFO 2025-04-17 10:41:10,335 views 25329 131383551022592 Loaded book mapping for tag 1: {'title': 'The Idiot', 'author': 'John Smith', 'genre': 'Technology', 'isbn': '9780123456789'}
INFO 2025-04-17 10:41:42,578 cameras 25329 131376850405056 Found working camera at index 1
INFO 2025-04-17 10:41:43,047 cameras 25329 131376850405056 Successfully opened camera at index 1
INFO 2025-04-17 10:41:44,134 cameras 25329 131376850405056 Camera initialized successfully
INFO 2025-04-17 10:41:44,155 id_card_processor 25329 131376850405056 Using device: cuda
INFO 2025-04-17 10:41:49,765 id_card_processor 25329 131376850405056 Capture timer started
INFO 2025-04-17 10:41:54,774 id_card_processor 25329 131376850405056 Capture triggered
INFO 2025-04-17 10:41:54,778 id_card_processor 25329 131376850405056 Box coordinates set to: (96, 72, 448, 336)
INFO 2025-04-17 10:41:54,780 id_card_processor 25329 131376850405056 Images saved: /media/putu/EC42-8749/shaRD/librarain/media/id_cards/id_card_20250417_104154.jpg and /media/putu/EC42-8749/shaRD/librarain/media/id_cards/id_card_cropped_20250417_104154.jpg
INFO 2025-04-17 10:41:55,887 id_card_processor 25329 131376850405056 OCR completed successfully. Text saved to: /media/putu/EC42-8749/shaRD/librarain/media/id_cards/id_card_cropped_20250417_104154.txt
INFO 2025-04-17 10:41:55,887 id_card_processor 25329 131376850405056 Switched to face detection mode
INFO 2025-04-17 10:41:55,890 id_card_processor 25329 131376850405056 Capture timer started
INFO 2025-04-17 10:42:00,147 cameras 25329 131376850405056 Camera stopped and resources released
INFO 2025-04-17 10:42:00,147 cameras 25329 131376850405056 Camera stopped and resources released
INFO 2025-04-17 10:42:11,361 cameras 25329 131376839919296 Found working camera at index 1
INFO 2025-04-17 10:42:11,828 cameras 25329 131376839919296 Successfully opened camera at index 1
INFO 2025-04-17 10:42:12,916 cameras 25329 131376839919296 Camera initialized successfully
INFO 2025-04-17 10:42:12,916 id_card_processor 25329 131376839919296 Using device: cuda
INFO 2025-04-17 10:42:18,309 id_card_processor 25329 131376839919296 Capture timer started
INFO 2025-04-17 10:42:23,377 id_card_processor 25329 131376839919296 Capture triggered
INFO 2025-04-17 10:42:23,381 id_card_processor 25329 131376839919296 Box coordinates set to: (96, 72, 448, 336)
INFO 2025-04-17 10:42:23,383 id_card_processor 25329 131376839919296 Images saved: /media/putu/EC42-8749/shaRD/librarain/media/id_cards/id_card_20250417_104223.jpg and /media/putu/EC42-8749/shaRD/librarain/media/id_cards/id_card_cropped_20250417_104223.jpg
INFO 2025-04-17 10:42:23,991 id_card_processor 25329 131376839919296 OCR completed successfully. Text saved to: /media/putu/EC42-8749/shaRD/librarain/media/id_cards/id_card_cropped_20250417_104223.txt
INFO 2025-04-17 10:42:23,991 id_card_processor 25329 131376839919296 Switched to face detection mode
INFO 2025-04-17 10:42:23,994 id_card_processor 25329 131376839919296 Capture timer started
INFO 2025-04-17 10:42:29,041 id_card_processor 25329 131376839919296 Capture triggered
INFO 2025-04-17 10:42:34,354 cameras 25329 131376839919296 Camera stopped and resources released
INFO 2025-04-17 10:42:34,354 cameras 25329 131376839919296 Camera stopped and resources released
INFO 2025-04-17 10:43:19,078 views 26450 127748586198528 Loaded book mapping for tag 0: {'title': 'The Alchemist', 'author': 'Paolo Coehlo', 'genre': 'Fiction', 'isbn': '123545432543523'}
INFO 2025-04-17 10:43:19,078 views 26450 127748586198528 Loaded book mapping for tag 1: {'title': 'The Idiot', 'author': 'John Smith', 'genre': 'Technology', 'isbn': '9780123456789'}
INFO 2025-04-17 10:43:44,756 cameras 26450 127741886203584 Found working camera at index 1
INFO 2025-04-17 10:43:45,225 cameras 26450 127741886203584 Successfully opened camera at index 1
INFO 2025-04-17 10:43:46,312 cameras 26450 127741886203584 Camera initialized successfully
INFO 2025-04-17 10:43:46,330 id_card_processor 26450 127741886203584 Using device: cuda
INFO 2025-04-17 10:43:51,917 id_card_processor 26450 127741886203584 Capture timer started
INFO 2025-04-17 10:43:56,926 id_card_processor 26450 127741886203584 Capture triggered
INFO 2025-04-17 10:43:56,929 id_card_processor 26450 127741886203584 Box coordinates set to: (96, 72, 448, 336)
INFO 2025-04-17 10:43:56,931 id_card_processor 26450 127741886203584 Images saved: /media/putu/EC42-8749/shaRD/librarain/media/id_cards/id_card_20250417_104356.jpg and /media/putu/EC42-8749/shaRD/librarain/media/id_cards/id_card_cropped_20250417_104356.jpg
INFO 2025-04-17 10:43:58,179 id_card_processor 26450 127741886203584 OCR completed successfully. Text saved to: /media/putu/EC42-8749/shaRD/librarain/media/id_cards/id_card_cropped_20250417_104356.txt
INFO 2025-04-17 10:43:58,180 id_card_processor 26450 127741886203584 Switched to face detection mode
INFO 2025-04-17 10:43:58,183 id_card_processor 26450 127741886203584 Capture timer started
INFO 2025-04-17 10:44:03,189 id_card_processor 26450 127741886203584 Capture triggered
INFO 2025-04-17 10:44:09,214 cameras 26450 127741886203584 Camera stopped and resources released
INFO 2025-04-17 10:44:09,214 cameras 26450 127741886203584 Camera stopped and resources released
INFO 2025-04-17 10:45:44,400 cameras 26450 127741875717824 Found working camera at index 1
INFO 2025-04-17 10:45:44,869 cameras 26450 127741875717824 Successfully opened camera at index 1
INFO 2025-04-17 10:45:45,956 cameras 26450 127741875717824 Camera initialized successfully
INFO 2025-04-17 10:45:45,956 id_card_processor 26450 127741875717824 Using device: cuda
INFO 2025-04-17 10:45:52,228 id_card_processor 26450 127741875717824 Capture timer started
INFO 2025-04-17 10:45:57,236 id_card_processor 26450 127741875717824 Capture triggered
INFO 2025-04-17 10:45:57,241 id_card_processor 26450 127741875717824 Box coordinates set to: (96, 72, 448, 336)
INFO 2025-04-17 10:45:57,243 id_card_processor 26450 127741875717824 Images saved: /media/putu/EC42-8749/shaRD/librarain/media/id_cards/id_card_20250417_104557.jpg and /media/putu/EC42-8749/shaRD/librarain/media/id_cards/id_card_cropped_20250417_104557.jpg
INFO 2025-04-17 10:45:57,868 id_card_processor 26450 127741875717824 OCR completed successfully. Text saved to: /media/putu/EC42-8749/shaRD/librarain/media/id_cards/id_card_cropped_20250417_104557.txt
INFO 2025-04-17 10:45:57,868 id_card_processor 26450 127741875717824 Switched to face detection mode
INFO 2025-04-17 10:45:57,872 id_card_processor 26450 127741875717824 Capture timer started
INFO 2025-04-17 10:46:02,959 id_card_processor 26450 127741875717824 Capture triggered
INFO 2025-04-17 10:46:09,941 cameras 26450 127741875717824 Camera stopped and resources released
INFO 2025-04-17 10:46:09,942 cameras 26450 127741875717824 Camera stopped and resources released
INFO 2025-04-17 10:46:33,779 views 27685 134756432733696 Loaded book mapping for tag 0: {'title': 'The Alchemist', 'author': 'Paolo Coehlo', 'genre': 'Fiction', 'isbn': '123545432543523'}
INFO 2025-04-17 10:46:33,779 views 27685 134756432733696 Loaded book mapping for tag 1: {'title': 'The Idiot', 'author': 'John Smith', 'genre': 'Technology', 'isbn': '9780123456789'}
INFO 2025-04-17 10:46:39,470 cameras 27685 134749731423936 Found working camera at index 1
INFO 2025-04-17 10:46:39,940 cameras 27685 134749731423936 Successfully opened camera at index 1
INFO 2025-04-17 10:46:41,027 cameras 27685 134749731423936 Camera initialized successfully
INFO 2025-04-17 10:46:41,050 id_card_processor 27685 134749731423936 Using device: cuda
INFO 2025-04-17 10:46:47,294 id_card_processor 27685 134749731423936 Capture timer started
INFO 2025-04-17 10:46:52,307 id_card_processor 27685 134749731423936 Capture triggered
INFO 2025-04-17 10:46:52,315 id_card_processor 27685 134749731423936 Box coordinates set to: (96, 72, 448, 336)
INFO 2025-04-17 10:46:52,317 id_card_processor 27685 134749731423936 Images saved: /media/putu/EC42-8749/shaRD/librarain/media/id_cards/id_card_20250417_104652.jpg and /media/putu/EC42-8749/shaRD/librarain/media/id_cards/id_card_cropped_20250417_104652.jpg
INFO 2025-04-17 10:46:53,472 id_card_processor 27685 134749731423936 OCR completed successfully. Text saved to: /media/putu/EC42-8749/shaRD/librarain/media/id_cards/id_card_cropped_20250417_104652.txt
INFO 2025-04-17 10:46:53,476 id_card_processor 27685 134749731423936 Switched to face detection mode
INFO 2025-04-17 10:46:53,482 id_card_processor 27685 134749731423936 Capture timer started
INFO 2025-04-17 10:46:58,567 id_card_processor 27685 134749731423936 Capture triggered
INFO 2025-04-17 10:47:02,145 cameras 27685 134749731423936 Camera stopped and resources released
INFO 2025-04-17 10:47:02,145 cameras 27685 134749731423936 Camera stopped and resources released
INFO 2025-04-17 10:47:26,582 views 28302 128686463333888 Loaded book mapping for tag 0: {'title': 'The Alchemist', 'author': 'Paolo Coehlo', 'genre': 'Fiction', 'isbn': '123545432543523'}
INFO 2025-04-17 10:47:26,582 views 28302 128686463333888 Loaded book mapping for tag 1: {'title': 'The Idiot', 'author': 'John Smith', 'genre': 'Technology', 'isbn': '9780123456789'}
INFO 2025-04-17 10:47:29,840 cameras 28302 128679761938112 Found working camera at index 1
INFO 2025-04-17 10:47:30,310 cameras 28302 128679761938112 Successfully opened camera at index 1
INFO 2025-04-17 10:47:31,398 cameras 28302 128679761938112 Camera initialized successfully
INFO 2025-04-17 10:47:31,418 id_card_processor 28302 128679761938112 Using device: cuda
INFO 2025-04-17 10:47:37,835 id_card_processor 28302 128679761938112 Capture timer started
INFO 2025-04-17 10:47:42,843 id_card_processor 28302 128679761938112 Capture triggered
INFO 2025-04-17 10:47:42,846 id_card_processor 28302 128679761938112 Box coordinates set to: (96, 72, 448, 336)
INFO 2025-04-17 10:47:42,848 id_card_processor 28302 128679761938112 Images saved: /media/putu/EC42-8749/shaRD/librarain/media/id_cards/id_card_20250417_104742.jpg and /media/putu/EC42-8749/shaRD/librarain/media/id_cards/id_card_cropped_20250417_104742.jpg
INFO 2025-04-17 10:47:44,080 id_card_processor 28302 128679761938112 OCR completed successfully. Text saved to: /media/putu/EC42-8749/shaRD/librarain/media/id_cards/id_card_cropped_20250417_104742.txt
INFO 2025-04-17 10:47:44,080 id_card_processor 28302 128679761938112 Switched to face detection mode
INFO 2025-04-17 10:47:44,083 id_card_processor 28302 128679761938112 Capture timer started
INFO 2025-04-17 10:47:49,108 id_card_processor 28302 128679761938112 Capture triggered
INFO 2025-04-17 10:47:53,227 cameras 28302 128679761938112 Camera stopped and resources released
INFO 2025-04-17 10:47:53,227 cameras 28302 128679761938112 Camera stopped and resources released
INFO 2025-04-17 10:48:10,743 cameras 28302 128679751452352 Found working camera at index 1
INFO 2025-04-17 10:48:11,211 cameras 28302 128679751452352 Successfully opened camera at index 1
INFO 2025-04-17 10:48:12,298 cameras 28302 128679751452352 Camera initialized successfully
INFO 2025-04-17 10:48:12,298 id_card_processor 28302 128679751452352 Using device: cuda
INFO 2025-04-17 10:48:19,068 id_card_processor 28302 128679751452352 Capture timer started
INFO 2025-04-17 10:48:24,135 id_card_processor 28302 128679751452352 Capture triggered
INFO 2025-04-17 10:48:24,140 id_card_processor 28302 128679751452352 Box coordinates set to: (96, 72, 448, 336)
INFO 2025-04-17 10:48:24,141 id_card_processor 28302 128679751452352 Images saved: /media/putu/EC42-8749/shaRD/librarain/media/id_cards/id_card_20250417_104824.jpg and /media/putu/EC42-8749/shaRD/librarain/media/id_cards/id_card_cropped_20250417_104824.jpg
INFO 2025-04-17 10:48:24,730 id_card_processor 28302 128679751452352 OCR completed successfully. Text saved to: /media/putu/EC42-8749/shaRD/librarain/media/id_cards/id_card_cropped_20250417_104824.txt
INFO 2025-04-17 10:48:24,730 id_card_processor 28302 128679751452352 Switched to face detection mode
INFO 2025-04-17 10:48:24,734 id_card_processor 28302 128679751452352 Capture timer started
INFO 2025-04-17 10:48:29,799 id_card_processor 28302 128679751452352 Capture triggered
INFO 2025-04-17 10:48:33,324 cameras 28302 128679751452352 Camera stopped and resources released
INFO 2025-04-17 10:48:33,324 cameras 28302 128679751452352 Camera stopped and resources released
INFO 2025-04-17 10:49:45,858 views 29441 124371176191488 Loaded book mapping for tag 0: {'title': 'The Alchemist', 'author': 'Paolo Coehlo', 'genre': 'Fiction', 'isbn': '123545432543523'}
INFO 2025-04-17 10:49:45,859 views 29441 124371176191488 Loaded book mapping for tag 1: {'title': 'The Idiot', 'author': 'John Smith', 'genre': 'Technology', 'isbn': '9780123456789'}
INFO 2025-04-17 10:49:50,442 cameras 29441 124364475336384 Found working camera at index 1
INFO 2025-04-17 10:49:50,912 cameras 29441 124364475336384 Successfully opened camera at index 1
INFO 2025-04-17 10:49:51,999 cameras 29441 124364475336384 Camera initialized successfully
INFO 2025-04-17 10:49:52,021 id_card_processor 29441 124364475336384 Using device: cuda
INFO 2025-04-17 10:49:57,916 id_card_processor 29441 124364475336384 Capture timer started
INFO 2025-04-17 10:50:02,924 id_card_processor 29441 124364475336384 Capture triggered
INFO 2025-04-17 10:50:02,929 id_card_processor 29441 124364475336384 Box coordinates set to: (96, 72, 448, 336)
INFO 2025-04-17 10:50:02,931 id_card_processor 29441 124364475336384 Images saved: /media/putu/EC42-8749/shaRD/librarain/media/id_cards/id_card_20250417_105002.jpg and /media/putu/EC42-8749/shaRD/librarain/media/id_cards/id_card_cropped_20250417_105002.jpg
INFO 2025-04-17 10:50:04,360 id_card_processor 29441 124364475336384 OCR completed successfully. Text saved to: /media/putu/EC42-8749/shaRD/librarain/media/id_cards/id_card_cropped_20250417_105002.txt
INFO 2025-04-17 10:50:04,361 id_card_processor 29441 124364475336384 Switched to face detection mode
INFO 2025-04-17 10:50:04,364 id_card_processor 29441 124364475336384 Capture timer started
INFO 2025-04-17 10:50:09,424 id_card_processor 29441 124364475336384 Capture triggered
INFO 2025-04-17 10:50:13,125 cameras 29441 124364475336384 Camera stopped and resources released
INFO 2025-04-17 10:50:13,126 cameras 29441 124364475336384 Camera stopped and resources released
INFO 2025-04-17 10:53:24,320 views 30413 138548495595008 Loaded book mapping for tag 0: {'title': 'The Alchemist', 'author': 'Paolo Coehlo', 'genre': 'Fiction', 'isbn': '123545432543523'}
INFO 2025-04-17 10:53:24,320 views 30413 138548495595008 Loaded book mapping for tag 1: {'title': 'The Idiot', 'author': 'John Smith', 'genre': 'Technology', 'isbn': '9780123456789'}
INFO 2025-04-17 10:56:16,876 cameras 30413 138541795378880 Found working camera at index 1
INFO 2025-04-17 10:56:17,345 cameras 30413 138541795378880 Successfully opened camera at index 1
INFO 2025-04-17 10:56:18,434 cameras 30413 138541795378880 Camera initialized successfully
INFO 2025-04-17 10:56:18,453 id_card_processor 30413 138541795378880 Using device: cuda
INFO 2025-04-17 10:56:23,667 id_card_processor 30413 138541795378880 Capture timer started
INFO 2025-04-17 10:56:28,676 id_card_processor 30413 138541795378880 Capture triggered
INFO 2025-04-17 10:56:28,682 id_card_processor 30413 138541795378880 Box coordinates set to: (96, 72, 448, 336)
INFO 2025-04-17 10:56:28,684 id_card_processor 30413 138541795378880 Images saved: /media/putu/EC42-8749/shaRD/librarain/media/id_cards/id_card_20250417_105628.jpg and /media/putu/EC42-8749/shaRD/librarain/media/id_cards/id_card_cropped_20250417_105628.jpg
INFO 2025-04-17 10:56:29,819 id_card_processor 30413 138541795378880 OCR completed successfully. Text saved to: /media/putu/EC42-8749/shaRD/librarain/media/id_cards/id_card_cropped_20250417_105628.txt
INFO 2025-04-17 10:56:29,819 id_card_processor 30413 138541795378880 Switched to face detection mode
INFO 2025-04-17 10:56:29,825 id_card_processor 30413 138541795378880 Capture timer started
INFO 2025-04-17 10:56:34,879 id_card_processor 30413 138541795378880 Capture triggered
INFO 2025-04-17 10:56:39,593 cameras 30413 138541795378880 Camera stopped and resources released
INFO 2025-04-17 10:56:39,593 cameras 30413 138541795378880 Camera stopped and resources released
INFO 2025-04-17 10:57:31,457 cameras 30413 138541784893120 Found working camera at index 1
INFO 2025-04-17 10:57:31,925 cameras 30413 138541784893120 Successfully opened camera at index 1
INFO 2025-04-17 10:57:33,013 cameras 30413 138541784893120 Camera initialized successfully
INFO 2025-04-17 10:57:33,013 id_card_processor 30413 138541784893120 Using device: cuda
INFO 2025-04-17 10:57:38,385 id_card_processor 30413 138541784893120 Capture timer started
INFO 2025-04-17 10:57:43,393 id_card_processor 30413 138541784893120 Capture triggered
INFO 2025-04-17 10:57:43,397 id_card_processor 30413 138541784893120 Box coordinates set to: (96, 72, 448, 336)
INFO 2025-04-17 10:57:43,399 id_card_processor 30413 138541784893120 Images saved: /media/putu/EC42-8749/shaRD/librarain/media/id_cards/id_card_20250417_105743.jpg and /media/putu/EC42-8749/shaRD/librarain/media/id_cards/id_card_cropped_20250417_105743.jpg
INFO 2025-04-17 10:57:43,994 id_card_processor 30413 138541784893120 OCR completed successfully. Text saved to: /media/putu/EC42-8749/shaRD/librarain/media/id_cards/id_card_cropped_20250417_105743.txt
INFO 2025-04-17 10:57:43,994 id_card_processor 30413 138541784893120 Switched to face detection mode
INFO 2025-04-17 10:57:43,998 id_card_processor 30413 138541784893120 Capture timer started
INFO 2025-04-17 10:57:49,061 id_card_processor 30413 138541784893120 Capture triggered
INFO 2025-04-17 10:57:52,760 cameras 30413 138541784893120 Camera stopped and resources released
INFO 2025-04-17 10:57:52,760 cameras 30413 138541784893120 Camera stopped and resources released
INFO 2025-04-17 10:58:08,686 cameras 30413 138541795378880 Found working camera at index 1
INFO 2025-04-17 10:58:09,156 cameras 30413 138541795378880 Successfully opened camera at index 1
INFO 2025-04-17 10:58:10,243 cameras 30413 138541795378880 Camera initialized successfully
INFO 2025-04-17 10:58:10,244 id_card_processor 30413 138541795378880 Using device: cuda
INFO 2025-04-17 10:58:15,138 id_card_processor 30413 138541795378880 Capture timer started
INFO 2025-04-17 10:58:20,145 id_card_processor 30413 138541795378880 Capture triggered
INFO 2025-04-17 10:58:20,150 id_card_processor 30413 138541795378880 Box coordinates set to: (96, 72, 448, 336)
INFO 2025-04-17 10:58:20,152 id_card_processor 30413 138541795378880 Images saved: /media/putu/EC42-8749/shaRD/librarain/media/id_cards/id_card_20250417_105820.jpg and /media/putu/EC42-8749/shaRD/librarain/media/id_cards/id_card_cropped_20250417_105820.jpg
INFO 2025-04-17 10:58:20,752 id_card_processor 30413 138541795378880 OCR completed successfully. Text saved to: /media/putu/EC42-8749/shaRD/librarain/media/id_cards/id_card_cropped_20250417_105820.txt
INFO 2025-04-17 10:58:20,752 id_card_processor 30413 138541795378880 Switched to face detection mode
INFO 2025-04-17 10:58:20,755 id_card_processor 30413 138541795378880 Capture timer started
INFO 2025-04-17 10:58:25,809 id_card_processor 30413 138541795378880 Capture triggered
INFO 2025-04-17 10:59:15,253 cameras 30413 138541795378880 Camera stopped and resources released
INFO 2025-04-17 10:59:15,253 cameras 30413 138541795378880 Camera stopped and resources released
INFO 2025-04-17 10:59:17,020 cameras 30413 138541784893120 Found working camera at index 1
INFO 2025-04-17 10:59:17,489 cameras 30413 138541784893120 Successfully opened camera at index 1
INFO 2025-04-17 10:59:18,577 cameras 30413 138541784893120 Camera initialized successfully
INFO 2025-04-17 10:59:18,578 id_card_processor 30413 138541784893120 Using device: cuda
INFO 2025-04-17 10:59:23,862 id_card_processor 30413 138541784893120 Capture timer started
INFO 2025-04-17 10:59:28,870 id_card_processor 30413 138541784893120 Capture triggered
INFO 2025-04-17 10:59:28,875 id_card_processor 30413 138541784893120 Box coordinates set to: (96, 72, 448, 336)
INFO 2025-04-17 10:59:28,877 id_card_processor 30413 138541784893120 Images saved: /media/putu/EC42-8749/shaRD/librarain/media/id_cards/id_card_20250417_105928.jpg and /media/putu/EC42-8749/shaRD/librarain/media/id_cards/id_card_cropped_20250417_105928.jpg
INFO 2025-04-17 10:59:29,454 id_card_processor 30413 138541784893120 OCR completed successfully. Text saved to: /media/putu/EC42-8749/shaRD/librarain/media/id_cards/id_card_cropped_20250417_105928.txt
INFO 2025-04-17 10:59:29,454 id_card_processor 30413 138541784893120 Switched to face detection mode
INFO 2025-04-17 10:59:29,458 id_card_processor 30413 138541784893120 Capture timer started
INFO 2025-04-17 10:59:34,478 id_card_processor 30413 138541784893120 Capture triggered
INFO 2025-04-17 10:59:37,759 cameras 30413 138541784893120 Camera stopped and resources released
INFO 2025-04-17 10:59:37,759 cameras 30413 138541784893120 Camera stopped and resources released
INFO 2025-04-17 11:00:18,692 views 32486 126409570838016 Loaded book mapping for tag 0: {'title': 'The Alchemist', 'author': 'Paolo Coehlo', 'genre': 'Fiction', 'isbn': '123545432543523'}
INFO 2025-04-17 11:00:18,692 views 32486 126409570838016 Loaded book mapping for tag 1: {'title': 'The Idiot', 'author': 'John Smith', 'genre': 'Technology', 'isbn': '9780123456789'}
INFO 2025-04-17 11:00:24,427 cameras 32486 126402871428800 Found working camera at index 1
INFO 2025-04-17 11:00:24,897 cameras 32486 126402871428800 Successfully opened camera at index 1
INFO 2025-04-17 11:00:25,984 cameras 32486 126402871428800 Camera initialized successfully
INFO 2025-04-17 11:00:26,006 id_card_processor 32486 126402871428800 Using device: cuda
INFO 2025-04-17 11:00:32,422 id_card_processor 32486 126402871428800 Capture timer started
INFO 2025-04-17 11:00:37,455 id_card_processor 32486 126402871428800 Capture triggered
INFO 2025-04-17 11:00:37,458 id_card_processor 32486 126402871428800 Box coordinates set to: (96, 72, 448, 336)
INFO 2025-04-17 11:00:37,460 id_card_processor 32486 126402871428800 Images saved: /media/putu/EC42-8749/shaRD/librarain/media/id_cards/id_card_20250417_110037.jpg and /media/putu/EC42-8749/shaRD/librarain/media/id_cards/id_card_cropped_20250417_110037.jpg
INFO 2025-04-17 11:00:38,757 id_card_processor 32486 126402871428800 OCR completed successfully. Text saved to: /media/putu/EC42-8749/shaRD/librarain/media/id_cards/id_card_cropped_20250417_110037.txt
INFO 2025-04-17 11:00:38,758 id_card_processor 32486 126402871428800 Switched to face detection mode
INFO 2025-04-17 11:00:38,763 id_card_processor 32486 126402871428800 Capture timer started
INFO 2025-04-17 11:00:43,855 id_card_processor 32486 126402871428800 Capture triggered
INFO 2025-04-17 11:00:47,317 cameras 32486 126402871428800 Camera stopped and resources released
INFO 2025-04-17 11:00:47,317 cameras 32486 126402871428800 Camera stopped and resources released
INFO 2025-04-17 11:01:30,684 views 33155 131136397858624 Loaded book mapping for tag 0: {'title': 'The Alchemist', 'author': 'Paolo Coehlo', 'genre': 'Fiction', 'isbn': '123545432543523'}
INFO 2025-04-17 11:01:30,685 views 33155 131136397858624 Loaded book mapping for tag 1: {'title': 'The Idiot', 'author': 'John Smith', 'genre': 'Technology', 'isbn': '9780123456789'}
INFO 2025-04-17 11:17:30,682 views 33729 125164884096512 Loaded book mapping for tag 0: {'title': 'The Alchemist', 'author': 'Paolo Coehlo', 'genre': 'Fiction', 'isbn': '123545432543523'}
INFO 2025-04-17 11:17:30,682 views 33729 125164884096512 Loaded book mapping for tag 1: {'title': 'The Idiot', 'author': 'John Smith', 'genre': 'Technology', 'isbn': '9780123456789'}
INFO 2025-04-17 11:17:39,864 cameras 33729 125158182356672 Found working camera at index 1
INFO 2025-04-17 11:17:40,333 cameras 33729 125158182356672 Successfully opened camera at index 1
INFO 2025-04-17 11:17:41,420 cameras 33729 125158182356672 Camera initialized successfully
INFO 2025-04-17 11:17:41,436 id_card_processor 33729 125158182356672 Using device: cuda
INFO 2025-04-17 11:17:47,284 id_card_processor 33729 125158182356672 Capture timer started
INFO 2025-04-17 11:17:52,332 id_card_processor 33729 125158182356672 Capture triggered
INFO 2025-04-17 11:17:52,338 id_card_processor 33729 125158182356672 Box coordinates set to: (96, 72, 448, 336)
INFO 2025-04-17 11:17:52,340 id_card_processor 33729 125158182356672 Images saved: /media/putu/EC42-8749/shaRD/librarain/media/id_cards/id_card_20250417_111752.jpg and /media/putu/EC42-8749/shaRD/librarain/media/id_cards/id_card_cropped_20250417_111752.jpg
INFO 2025-04-17 11:17:53,483 id_card_processor 33729 125158182356672 OCR completed successfully. Text saved to: /media/putu/EC42-8749/shaRD/librarain/media/id_cards/id_card_cropped_20250417_111752.txt
INFO 2025-04-17 11:17:53,484 id_card_processor 33729 125158182356672 Switched to face detection mode
INFO 2025-04-17 11:17:53,488 id_card_processor 33729 125158182356672 Capture timer started
INFO 2025-04-17 11:17:58,584 id_card_processor 33729 125158182356672 Capture triggered
INFO 2025-04-17 11:18:01,930 cameras 33729 125158182356672 Camera stopped and resources released
INFO 2025-04-17 11:18:01,930 cameras 33729 125158182356672 Camera stopped and resources released
INFO 2025-04-17 11:22:48,334 views 34451 124169117406720 Loaded book mapping for tag 0: {'title': 'The Alchemist', 'author': 'Paolo Coehlo', 'genre': 'Fiction', 'isbn': '123545432543523'}
INFO 2025-04-17 11:22:48,335 views 34451 124169117406720 Loaded book mapping for tag 1: {'title': 'The Idiot', 'author': 'John Smith', 'genre': 'Technology', 'isbn': '9780123456789'}
INFO 2025-04-17 11:22:53,042 cameras 34451 124162416838336 Found working camera at index 1
INFO 2025-04-17 11:22:53,512 cameras 34451 124162416838336 Successfully opened camera at index 1
INFO 2025-04-17 11:22:54,599 cameras 34451 124162416838336 Camera initialized successfully
ERROR 2025-04-17 11:22:54,985 utils 34451 124162416838336 Error in ID card scanner frame processing: 'IDCardProcessor' object has no attribute 'start_time'
INFO 2025-04-17 11:22:54,988 cameras 34451 124162416838336 Camera stopped and resources released
INFO 2025-04-17 11:22:54,988 cameras 34451 124162416838336 Camera stopped and resources released
INFO 2025-04-17 11:27:14,291 views 34803 139783705720320 Loaded book mapping for tag 0: {'title': 'The Alchemist', 'author': 'Paolo Coehlo', 'genre': 'Fiction', 'isbn': '123545432543523'}
INFO 2025-04-17 11:27:14,291 views 34803 139783705720320 Loaded book mapping for tag 1: {'title': 'The Idiot', 'author': 'John Smith', 'genre': 'Technology', 'isbn': '9780123456789'}
INFO 2025-04-17 11:27:18,426 cameras 34803 139777005323968 Found working camera at index 1
INFO 2025-04-17 11:27:18,895 cameras 34803 139777005323968 Successfully opened camera at index 1
INFO 2025-04-17 11:27:19,981 cameras 34803 139777005323968 Camera initialized successfully
ERROR 2025-04-17 11:27:20,367 utils 34803 139777005323968 Error in ID card scanner frame processing: 'IDCardProcessor' object has no attribute 'start_time'
INFO 2025-04-17 11:27:20,369 cameras 34803 139777005323968 Camera stopped and resources released
INFO 2025-04-17 11:27:20,370 cameras 34803 139777005323968 Camera stopped and resources released
INFO 2025-04-17 11:27:49,703 views 34984 124751938536960 Loaded book mapping for tag 0: {'title': 'The Alchemist', 'author': 'Paolo Coehlo', 'genre': 'Fiction', 'isbn': '123545432543523'}
INFO 2025-04-17 11:27:49,703 views 34984 124751938536960 Loaded book mapping for tag 1: {'title': 'The Idiot', 'author': 'John Smith', 'genre': 'Technology', 'isbn': '9780123456789'}
INFO 2025-04-17 11:27:53,828 cameras 34984 124745238447808 Found working camera at index 1
INFO 2025-04-17 11:27:54,297 cameras 34984 124745238447808 Successfully opened camera at index 1
INFO 2025-04-17 11:27:55,385 cameras 34984 124745238447808 Camera initialized successfully
INFO 2025-04-17 11:27:55,408 id_card_processor 34984 124745238447808 Using device: cuda
INFO 2025-04-17 11:28:01,753 id_card_processor 34984 124745238447808 Capture timer started
INFO 2025-04-17 11:28:06,822 id_card_processor 34984 124745238447808 Capture triggered
INFO 2025-04-17 11:28:06,826 id_card_processor 34984 124745238447808 Box coordinates set to: (96, 72, 448, 336)
INFO 2025-04-17 11:28:06,828 id_card_processor 34984 124745238447808 Images saved: /media/putu/EC42-8749/shaRD/librarain/media/id_cards/id_card_20250417_112806.jpg and /media/putu/EC42-8749/shaRD/librarain/media/id_cards/id_card_cropped_20250417_112806.jpg
INFO 2025-04-17 11:28:08,107 id_card_processor 34984 124745238447808 OCR completed successfully. Text saved to: /media/putu/EC42-8749/shaRD/librarain/media/id_cards/id_card_cropped_20250417_112806.txt
INFO 2025-04-17 11:28:08,107 id_card_processor 34984 124745238447808 Switched to face detection mode
INFO 2025-04-17 11:28:08,111 id_card_processor 34984 124745238447808 Capture timer started
INFO 2025-04-17 11:28:13,202 id_card_processor 34984 124745238447808 Capture triggered
INFO 2025-04-17 11:28:17,020 cameras 34984 124745238447808 Camera stopped and resources released
INFO 2025-04-17 11:28:17,020 cameras 34984 124745238447808 Camera stopped and resources released
INFO 2025-04-17 11:30:26,839 views 35902 140474096866816 Loaded book mapping for tag 0: {'title': 'The Alchemist', 'author': 'Paolo Coehlo', 'genre': 'Fiction', 'isbn': '123545432543523'}
INFO 2025-04-17 11:30:26,839 views 35902 140474096866816 Loaded book mapping for tag 1: {'title': 'The Idiot', 'author': 'John Smith', 'genre': 'Technology', 'isbn': '9780123456789'}
INFO 2025-04-17 11:31:15,296 views 36144 124903216748032 Loaded book mapping for tag 0: {'title': 'The Alchemist', 'author': 'Paolo Coehlo', 'genre': 'Fiction', 'isbn': '123545432543523'}
INFO 2025-04-17 11:31:15,296 views 36144 124903216748032 Loaded book mapping for tag 1: {'title': 'The Idiot', 'author': 'John Smith', 'genre': 'Technology', 'isbn': '9780123456789'}
INFO 2025-04-17 11:31:27,641 views 36222 135882606745088 Loaded book mapping for tag 0: {'title': 'The Alchemist', 'author': 'Paolo Coehlo', 'genre': 'Fiction', 'isbn': '123545432543523'}
INFO 2025-04-17 11:31:27,641 views 36222 135882606745088 Loaded book mapping for tag 1: {'title': 'The Idiot', 'author': 'John Smith', 'genre': 'Technology', 'isbn': '9780123456789'}
INFO 2025-04-17 11:31:41,232 views 36301 129375311107584 Loaded book mapping for tag 0: {'title': 'The Alchemist', 'author': 'Paolo Coehlo', 'genre': 'Fiction', 'isbn': '123545432543523'}
INFO 2025-04-17 11:31:41,232 views 36301 129375311107584 Loaded book mapping for tag 1: {'title': 'The Idiot', 'author': 'John Smith', 'genre': 'Technology', 'isbn': '9780123456789'}
INFO 2025-04-17 11:32:31,371 views 36582 126544118769472 Loaded book mapping for tag 0: {'title': 'The Alchemist', 'author': 'Paolo Coehlo', 'genre': 'Fiction', 'isbn': '123545432543523'}
INFO 2025-04-17 11:32:31,371 views 36582 126544118769472 Loaded book mapping for tag 1: {'title': 'The Idiot', 'author': 'John Smith', 'genre': 'Technology', 'isbn': '9780123456789'}
INFO 2025-04-17 11:33:48,540 views 37009 139413182703424 Loaded book mapping for tag 0: {'title': 'The Alchemist', 'author': 'Paolo Coehlo', 'genre': 'Fiction', 'isbn': '123545432543523'}
INFO 2025-04-17 11:33:48,540 views 37009 139413182703424 Loaded book mapping for tag 1: {'title': 'The Idiot', 'author': 'John Smith', 'genre': 'Technology', 'isbn': '9780123456789'}
INFO 2025-04-17 11:37:29,317 views 38471 123922710447936 Loaded book mapping for tag 0: {'title': 'The Alchemist', 'author': 'Paolo Coehlo', 'genre': 'Fiction', 'isbn': '123545432543523'}
INFO 2025-04-17 11:37:29,317 views 38471 123922710447936 Loaded book mapping for tag 1: {'title': 'The Idiot', 'author': 'John Smith', 'genre': 'Technology', 'isbn': '9780123456789'}
INFO 2025-04-17 11:37:37,279 views 38551 129651078817600 Loaded book mapping for tag 0: {'title': 'The Alchemist', 'author': 'Paolo Coehlo', 'genre': 'Fiction', 'isbn': '123545432543523'}
INFO 2025-04-17 11:37:37,279 views 38551 129651078817600 Loaded book mapping for tag 1: {'title': 'The Idiot', 'author': 'John Smith', 'genre': 'Technology', 'isbn': '9780123456789'}
INFO 2025-04-17 11:38:19,512 cameras 38551 129644378457792 Found working camera at index 1
INFO 2025-04-17 11:38:19,980 cameras 38551 129644378457792 Successfully opened camera at index 1
INFO 2025-04-17 11:38:21,068 cameras 38551 129644378457792 Camera initialized successfully
INFO 2025-04-17 11:38:21,088 id_card_processor 38551 129644378457792 Using device: cuda
INFO 2025-04-17 11:38:26,767 id_card_processor 38551 129644378457792 Capture timer started
INFO 2025-04-17 11:38:31,776 id_card_processor 38551 129644378457792 Capture triggered
INFO 2025-04-17 11:38:31,780 id_card_processor 38551 129644378457792 Box coordinates set to: (96, 72, 448, 336)
INFO 2025-04-17 11:38:31,782 id_card_processor 38551 129644378457792 Images saved: /media/putu/EC42-8749/shaRD/librarain/media/id_cards/id_card_20250417_113831.jpg and /media/putu/EC42-8749/shaRD/librarain/media/id_cards/id_card_cropped_20250417_113831.jpg
INFO 2025-04-17 11:38:32,937 id_card_processor 38551 129644378457792 OCR completed successfully. Text saved to: /media/putu/EC42-8749/shaRD/librarain/media/id_cards/id_card_cropped_20250417_113831.txt
INFO 2025-04-17 11:38:32,937 id_card_processor 38551 129644378457792 Switched to face detection mode
INFO 2025-04-17 11:38:32,940 id_card_processor 38551 129644378457792 Capture timer started
INFO 2025-04-17 11:38:38,040 id_card_processor 38551 129644378457792 Capture triggered
INFO 2025-04-17 11:38:42,218 cameras 38551 129644378457792 Camera stopped and resources released
INFO 2025-04-17 11:38:42,218 cameras 38551 129644378457792 Camera stopped and resources released
INFO 2025-04-17 11:41:25,536 views 39927 133842835134272 Loaded book mapping for tag 0: {'title': 'The Alchemist', 'author': 'Paolo Coehlo', 'genre': 'Fiction', 'isbn': '123545432543523'}
INFO 2025-04-17 11:41:25,536 views 39927 133842835134272 Loaded book mapping for tag 1: {'title': 'The Idiot', 'author': 'John Smith', 'genre': 'Technology', 'isbn': '9780123456789'}
INFO 2025-04-17 11:48:00,329 views 42091 132897499621184 Loaded book mapping for tag 0: {'title': 'The Alchemist', 'author': 'Paolo Coehlo', 'genre': 'Fiction', 'isbn': '123545432543523'}
INFO 2025-04-17 11:48:00,329 views 42091 132897499621184 Loaded book mapping for tag 1: {'title': 'The Idiot', 'author': 'John Smith', 'genre': 'Technology', 'isbn': '9780123456789'}
INFO 2025-04-17 11:48:05,824 cameras 42091 132890773948096 Found working camera at index 1
INFO 2025-04-17 11:48:06,292 cameras 42091 132890773948096 Successfully opened camera at index 1
INFO 2025-04-17 11:48:07,379 cameras 42091 132890773948096 Camera initialized successfully
INFO 2025-04-17 11:48:07,396 id_card_processor 42091 132890773948096 Using device: cuda
INFO 2025-04-17 11:48:13,239 id_card_processor 42091 132890773948096 Capture timer started
INFO 2025-04-17 11:48:18,308 id_card_processor 42091 132890773948096 Capture triggered
INFO 2025-04-17 11:48:18,313 id_card_processor 42091 132890773948096 Box coordinates set to: (96, 72, 448, 336)
INFO 2025-04-17 11:48:18,316 id_card_processor 42091 132890773948096 Images saved: /media/putu/EC42-8749/shaRD/librarain/media/id_cards/id_card_20250417_114818.jpg and /media/putu/EC42-8749/shaRD/librarain/media/id_cards/id_card_cropped_20250417_114818.jpg
ERROR 2025-04-17 11:48:18,543 id_card_processor 42091 132890773948096 Error performing OCR: name 'settings' is not defined
INFO 2025-04-17 11:48:18,546 id_card_processor 42091 132890773948096 Capture timer started
INFO 2025-04-17 11:48:23,555 id_card_processor 42091 132890773948096 Capture triggered
INFO 2025-04-17 11:48:23,558 id_card_processor 42091 132890773948096 Box coordinates set to: (96, 72, 448, 336)
INFO 2025-04-17 11:48:23,560 id_card_processor 42091 132890773948096 Images saved: /media/putu/EC42-8749/shaRD/librarain/media/id_cards/id_card_20250417_114823.jpg and /media/putu/EC42-8749/shaRD/librarain/media/id_cards/id_card_cropped_20250417_114823.jpg
ERROR 2025-04-17 11:48:23,723 id_card_processor 42091 132890773948096 Error performing OCR: name 'settings' is not defined
INFO 2025-04-17 11:48:23,726 id_card_processor 42091 132890773948096 Capture timer started
INFO 2025-04-17 11:48:28,744 id_card_processor 42091 132890773948096 Capture triggered
INFO 2025-04-17 11:48:28,748 id_card_processor 42091 132890773948096 Box coordinates set to: (96, 72, 448, 336)
INFO 2025-04-17 11:48:28,750 id_card_processor 42091 132890773948096 Images saved: /media/putu/EC42-8749/shaRD/librarain/media/id_cards/id_card_20250417_114828.jpg and /media/putu/EC42-8749/shaRD/librarain/media/id_cards/id_card_cropped_20250417_114828.jpg
ERROR 2025-04-17 11:48:28,908 id_card_processor 42091 132890773948096 Error performing OCR: name 'settings' is not defined
INFO 2025-04-17 11:48:28,911 id_card_processor 42091 132890773948096 Capture timer started
INFO 2025-04-17 11:48:33,932 id_card_processor 42091 132890773948096 Capture triggered
INFO 2025-04-17 11:48:33,935 id_card_processor 42091 132890773948096 Box coordinates set to: (96, 72, 448, 336)
INFO 2025-04-17 11:48:33,937 id_card_processor 42091 132890773948096 Images saved: /media/putu/EC42-8749/shaRD/librarain/media/id_cards/id_card_20250417_114833.jpg and /media/putu/EC42-8749/shaRD/librarain/media/id_cards/id_card_cropped_20250417_114833.jpg
ERROR 2025-04-17 11:48:34,185 id_card_processor 42091 132890773948096 Error performing OCR: name 'settings' is not defined
INFO 2025-04-17 11:48:34,187 id_card_processor 42091 132890773948096 Capture timer started
INFO 2025-04-17 11:48:39,296 id_card_processor 42091 132890773948096 Capture triggered
INFO 2025-04-17 11:48:39,299 id_card_processor 42091 132890773948096 Box coordinates set to: (96, 72, 448, 336)
INFO 2025-04-17 11:48:39,300 id_card_processor 42091 132890773948096 Images saved: /media/putu/EC42-8749/shaRD/librarain/media/id_cards/id_card_20250417_114839.jpg and /media/putu/EC42-8749/shaRD/librarain/media/id_cards/id_card_cropped_20250417_114839.jpg
ERROR 2025-04-17 11:48:39,451 id_card_processor 42091 132890773948096 Error performing OCR: name 'settings' is not defined
INFO 2025-04-17 11:48:39,453 id_card_processor 42091 132890773948096 Capture timer started
INFO 2025-04-17 11:48:44,484 id_card_processor 42091 132890773948096 Capture triggered
INFO 2025-04-17 11:48:44,487 id_card_processor 42091 132890773948096 Box coordinates set to: (96, 72, 448, 336)
INFO 2025-04-17 11:48:44,488 id_card_processor 42091 132890773948096 Images saved: /media/putu/EC42-8749/shaRD/librarain/media/id_cards/id_card_20250417_114844.jpg and /media/putu/EC42-8749/shaRD/librarain/media/id_cards/id_card_cropped_20250417_114844.jpg
ERROR 2025-04-17 11:48:44,656 id_card_processor 42091 132890773948096 Error performing OCR: name 'settings' is not defined
INFO 2025-04-17 11:48:44,659 id_card_processor 42091 132890773948096 Capture timer started
INFO 2025-04-17 11:48:49,732 id_card_processor 42091 132890773948096 Capture triggered
INFO 2025-04-17 11:48:49,737 id_card_processor 42091 132890773948096 Box coordinates set to: (96, 72, 448, 336)
INFO 2025-04-17 11:48:49,739 id_card_processor 42091 132890773948096 Images saved: /media/putu/EC42-8749/shaRD/librarain/media/id_cards/id_card_20250417_114849.jpg and /media/putu/EC42-8749/shaRD/librarain/media/id_cards/id_card_cropped_20250417_114849.jpg
ERROR 2025-04-17 11:48:49,904 id_card_processor 42091 132890773948096 Error performing OCR: name 'settings' is not defined
INFO 2025-04-17 11:48:49,908 id_card_processor 42091 132890773948096 Capture timer started
INFO 2025-04-17 11:48:54,920 id_card_processor 42091 132890773948096 Capture triggered
INFO 2025-04-17 11:48:54,923 id_card_processor 42091 132890773948096 Box coordinates set to: (96, 72, 448, 336)
INFO 2025-04-17 11:48:54,924 id_card_processor 42091 132890773948096 Images saved: /media/putu/EC42-8749/shaRD/librarain/media/id_cards/id_card_20250417_114854.jpg and /media/putu/EC42-8749/shaRD/librarain/media/id_cards/id_card_cropped_20250417_114854.jpg
ERROR 2025-04-17 11:48:55,167 id_card_processor 42091 132890773948096 Error performing OCR: name 'settings' is not defined
INFO 2025-04-17 11:48:55,170 id_card_processor 42091 132890773948096 Capture timer started
INFO 2025-04-17 11:49:00,228 id_card_processor 42091 132890773948096 Capture triggered
INFO 2025-04-17 11:49:00,232 id_card_processor 42091 132890773948096 Box coordinates set to: (96, 72, 448, 336)
INFO 2025-04-17 11:49:00,234 id_card_processor 42091 132890773948096 Images saved: /media/putu/EC42-8749/shaRD/librarain/media/id_cards/id_card_20250417_114900.jpg and /media/putu/EC42-8749/shaRD/librarain/media/id_cards/id_card_cropped_20250417_114900.jpg
ERROR 2025-04-17 11:49:00,436 id_card_processor 42091 132890773948096 Error performing OCR: name 'settings' is not defined
INFO 2025-04-17 11:49:00,439 id_card_processor 42091 132890773948096 Capture timer started
INFO 2025-04-17 11:49:05,472 id_card_processor 42091 132890773948096 Capture triggered
INFO 2025-04-17 11:49:05,475 id_card_processor 42091 132890773948096 Box coordinates set to: (96, 72, 448, 336)
INFO 2025-04-17 11:49:05,476 id_card_processor 42091 132890773948096 Images saved: /media/putu/EC42-8749/shaRD/librarain/media/id_cards/id_card_20250417_114905.jpg and /media/putu/EC42-8749/shaRD/librarain/media/id_cards/id_card_cropped_20250417_114905.jpg
ERROR 2025-04-17 11:49:05,644 id_card_processor 42091 132890773948096 Error performing OCR: name 'settings' is not defined
INFO 2025-04-17 11:49:05,647 id_card_processor 42091 132890773948096 Capture timer started
INFO 2025-04-17 11:49:10,660 id_card_processor 42091 132890773948096 Capture triggered
INFO 2025-04-17 11:49:10,664 id_card_processor 42091 132890773948096 Box coordinates set to: (96, 72, 448, 336)
INFO 2025-04-17 11:49:10,665 id_card_processor 42091 132890773948096 Images saved: /media/putu/EC42-8749/shaRD/librarain/media/id_cards/id_card_20250417_114910.jpg and /media/putu/EC42-8749/shaRD/librarain/media/id_cards/id_card_cropped_20250417_114910.jpg
ERROR 2025-04-17 11:49:10,833 id_card_processor 42091 132890773948096 Error performing OCR: name 'settings' is not defined
INFO 2025-04-17 11:49:10,836 id_card_processor 42091 132890773948096 Capture timer started
INFO 2025-04-17 11:49:15,848 id_card_processor 42091 132890773948096 Capture triggered
INFO 2025-04-17 11:49:15,852 id_card_processor 42091 132890773948096 Box coordinates set to: (96, 72, 448, 336)
INFO 2025-04-17 11:49:15,855 id_card_processor 42091 132890773948096 Images saved: /media/putu/EC42-8749/shaRD/librarain/media/id_cards/id_card_20250417_114915.jpg and /media/putu/EC42-8749/shaRD/librarain/media/id_cards/id_card_cropped_20250417_114915.jpg
ERROR 2025-04-17 11:49:16,012 id_card_processor 42091 132890773948096 Error performing OCR: name 'settings' is not defined
INFO 2025-04-17 11:49:16,015 id_card_processor 42091 132890773948096 Capture timer started
INFO 2025-04-17 11:49:21,096 id_card_processor 42091 132890773948096 Capture triggered
INFO 2025-04-17 11:49:21,098 id_card_processor 42091 132890773948096 Box coordinates set to: (96, 72, 448, 336)
INFO 2025-04-17 11:49:21,100 id_card_processor 42091 132890773948096 Images saved: /media/putu/EC42-8749/shaRD/librarain/media/id_cards/id_card_20250417_114921.jpg and /media/putu/EC42-8749/shaRD/librarain/media/id_cards/id_card_cropped_20250417_114921.jpg
ERROR 2025-04-17 11:49:21,259 id_card_processor 42091 132890773948096 Error performing OCR: name 'settings' is not defined
INFO 2025-04-17 11:49:21,261 id_card_processor 42091 132890773948096 Capture timer started
INFO 2025-04-17 11:49:23,010 cameras 42091 132890773948096 Camera stopped and resources released
INFO 2025-04-17 11:49:23,010 cameras 42091 132890773948096 Camera stopped and resources released
INFO 2025-04-17 11:49:46,132 cameras 42091 132890742490816 Found working camera at index 1
INFO 2025-04-17 11:49:46,599 cameras 42091 132890742490816 Successfully opened camera at index 1
INFO 2025-04-17 11:49:47,687 cameras 42091 132890742490816 Camera initialized successfully
INFO 2025-04-17 11:49:47,687 id_card_processor 42091 132890742490816 Using device: cuda
INFO 2025-04-17 11:49:53,353 id_card_processor 42091 132890742490816 Capture timer started
INFO 2025-04-17 11:49:58,361 id_card_processor 42091 132890742490816 Capture triggered
INFO 2025-04-17 11:49:58,365 id_card_processor 42091 132890742490816 Box coordinates set to: (96, 72, 448, 336)
INFO 2025-04-17 11:49:58,367 id_card_processor 42091 132890742490816 Images saved: /media/putu/EC42-8749/shaRD/librarain/media/id_cards/id_card_20250417_114958.jpg and /media/putu/EC42-8749/shaRD/librarain/media/id_cards/id_card_cropped_20250417_114958.jpg
ERROR 2025-04-17 11:49:58,534 id_card_processor 42091 132890742490816 Error performing OCR: name 'settings' is not defined
INFO 2025-04-17 11:49:58,537 id_card_processor 42091 132890742490816 Capture timer started
INFO 2025-04-17 11:50:03,609 id_card_processor 42091 132890742490816 Capture triggered
INFO 2025-04-17 11:50:03,612 id_card_processor 42091 132890742490816 Box coordinates set to: (96, 72, 448, 336)
INFO 2025-04-17 11:50:03,614 id_card_processor 42091 132890742490816 Images saved: /media/putu/EC42-8749/shaRD/librarain/media/id_cards/id_card_20250417_115003.jpg and /media/putu/EC42-8749/shaRD/librarain/media/id_cards/id_card_cropped_20250417_115003.jpg
ERROR 2025-04-17 11:50:03,784 id_card_processor 42091 132890742490816 Error performing OCR: name 'settings' is not defined
INFO 2025-04-17 11:50:03,787 id_card_processor 42091 132890742490816 Capture timer started
INFO 2025-04-17 11:50:08,797 id_card_processor 42091 132890742490816 Capture triggered
INFO 2025-04-17 11:50:08,801 id_card_processor 42091 132890742490816 Box coordinates set to: (96, 72, 448, 336)
INFO 2025-04-17 11:50:08,803 id_card_processor 42091 132890742490816 Images saved: /media/putu/EC42-8749/shaRD/librarain/media/id_cards/id_card_20250417_115008.jpg and /media/putu/EC42-8749/shaRD/librarain/media/id_cards/id_card_cropped_20250417_115008.jpg
ERROR 2025-04-17 11:50:08,968 id_card_processor 42091 132890742490816 Error performing OCR: name 'settings' is not defined
INFO 2025-04-17 11:50:08,972 id_card_processor 42091 132890742490816 Capture timer started
INFO 2025-04-17 11:50:13,277 cameras 42091 132890742490816 Camera stopped and resources released
INFO 2025-04-17 11:50:13,277 cameras 42091 132890742490816 Camera stopped and resources released
INFO 2025-04-17 11:50:14,606 cameras 42091 132890763462336 Found working camera at index 1
INFO 2025-04-17 11:50:15,076 cameras 42091 132890763462336 Successfully opened camera at index 1
INFO 2025-04-17 11:50:16,163 cameras 42091 132890763462336 Camera initialized successfully
INFO 2025-04-17 11:50:16,164 id_card_processor 42091 132890763462336 Using device: cuda
INFO 2025-04-17 11:50:21,648 id_card_processor 42091 132890763462336 Capture timer started
INFO 2025-04-17 11:50:26,716 id_card_processor 42091 132890763462336 Capture triggered
INFO 2025-04-17 11:50:26,719 id_card_processor 42091 132890763462336 Box coordinates set to: (96, 72, 448, 336)
INFO 2025-04-17 11:50:26,721 id_card_processor 42091 132890763462336 Images saved: /media/putu/EC42-8749/shaRD/librarain/media/id_cards/id_card_20250417_115026.jpg and /media/putu/EC42-8749/shaRD/librarain/media/id_cards/id_card_cropped_20250417_115026.jpg
ERROR 2025-04-17 11:50:26,882 id_card_processor 42091 132890763462336 Error performing OCR: name 'settings' is not defined
INFO 2025-04-17 11:50:26,884 id_card_processor 42091 132890763462336 Capture timer started
INFO 2025-04-17 11:50:31,730 cameras 42091 132890763462336 Camera stopped and resources released
INFO 2025-04-17 11:50:31,731 cameras 42091 132890763462336 Camera stopped and resources released
INFO 2025-04-17 11:53:07,077 views 45285 136189117372224 Loaded book mapping for tag 0: {'title': 'The Alchemist', 'author': 'Paolo Coehlo', 'genre': 'Fiction', 'isbn': '123545432543523'}
INFO 2025-04-17 11:53:07,077 views 45285 136189117372224 Loaded book mapping for tag 1: {'title': 'The Idiot', 'author': 'John Smith', 'genre': 'Technology', 'isbn': '9780123456789'}
INFO 2025-04-17 11:53:12,171 views 45344 126623529567936 Loaded book mapping for tag 0: {'title': 'The Alchemist', 'author': 'Paolo Coehlo', 'genre': 'Fiction', 'isbn': '123545432543523'}
INFO 2025-04-17 11:53:12,171 views 45344 126623529567936 Loaded book mapping for tag 1: {'title': 'The Idiot', 'author': 'John Smith', 'genre': 'Technology', 'isbn': '9780123456789'}
INFO 2025-04-17 11:53:57,216 cameras 45344 126617550587584 Found working camera at index 1
INFO 2025-04-17 11:53:57,684 cameras 45344 126617550587584 Successfully opened camera at index 1
INFO 2025-04-17 11:53:58,772 cameras 45344 126617550587584 Camera initialized successfully
INFO 2025-04-17 11:53:58,793 id_card_processor 45344 126617550587584 Using device: cuda
INFO 2025-04-17 11:54:06,618 id_card_processor 45344 126617550587584 Capture timer started
INFO 2025-04-17 11:54:11,626 id_card_processor 45344 126617550587584 Capture triggered
INFO 2025-04-17 11:54:11,628 id_card_processor 45344 126617550587584 Box coordinates set to: (96, 72, 448, 336)
INFO 2025-04-17 11:54:11,630 id_card_processor 45344 126617550587584 Images saved: /media/putu/EC42-8749/shaRD/librarain/media/id_cards/id_card_20250417_115411.jpg and /media/putu/EC42-8749/shaRD/librarain/media/id_cards/id_card_cropped_20250417_115411.jpg
INFO 2025-04-17 11:54:11,796 id_card_processor 45344 126617550587584 OCR completed successfully. Text saved to /media/putu/EC42-8749/shaRD/librarain/media/id_cards/id_card_text_20250417_115411.txt
INFO 2025-04-17 11:54:11,799 id_card_processor 45344 126617550587584 Capture timer started
INFO 2025-04-17 11:54:16,814 id_card_processor 45344 126617550587584 Capture triggered
INFO 2025-04-17 11:54:16,820 id_card_processor 45344 126617550587584 Box coordinates set to: (96, 72, 448, 336)
INFO 2025-04-17 11:54:16,822 id_card_processor 45344 126617550587584 Images saved: /media/putu/EC42-8749/shaRD/librarain/media/id_cards/id_card_20250417_115416.jpg and /media/putu/EC42-8749/shaRD/librarain/media/id_cards/id_card_cropped_20250417_115416.jpg
INFO 2025-04-17 11:54:16,995 id_card_processor 45344 126617550587584 OCR completed successfully. Text saved to /media/putu/EC42-8749/shaRD/librarain/media/id_cards/id_card_text_20250417_115416.txt
INFO 2025-04-17 11:54:16,998 id_card_processor 45344 126617550587584 Capture timer started
INFO 2025-04-17 11:54:22,063 id_card_processor 45344 126617550587584 Capture triggered
INFO 2025-04-17 11:54:22,068 id_card_processor 45344 126617550587584 Box coordinates set to: (96, 72, 448, 336)
INFO 2025-04-17 11:54:22,070 id_card_processor 45344 126617550587584 Images saved: /media/putu/EC42-8749/shaRD/librarain/media/id_cards/id_card_20250417_115422.jpg and /media/putu/EC42-8749/shaRD/librarain/media/id_cards/id_card_cropped_20250417_115422.jpg
INFO 2025-04-17 11:54:22,230 id_card_processor 45344 126617550587584 OCR completed successfully. Text saved to /media/putu/EC42-8749/shaRD/librarain/media/id_cards/id_card_text_20250417_115422.txt
INFO 2025-04-17 11:54:22,234 id_card_processor 45344 126617550587584 Capture timer started
INFO 2025-04-17 11:54:27,251 id_card_processor 45344 126617550587584 Capture triggered
INFO 2025-04-17 11:54:27,255 id_card_processor 45344 126617550587584 Box coordinates set to: (96, 72, 448, 336)
INFO 2025-04-17 11:54:27,257 id_card_processor 45344 126617550587584 Images saved: /media/putu/EC42-8749/shaRD/librarain/media/id_cards/id_card_20250417_115427.jpg and /media/putu/EC42-8749/shaRD/librarain/media/id_cards/id_card_cropped_20250417_115427.jpg
INFO 2025-04-17 11:54:27,414 id_card_processor 45344 126617550587584 OCR completed successfully. Text saved to /media/putu/EC42-8749/shaRD/librarain/media/id_cards/id_card_text_20250417_115427.txt
INFO 2025-04-17 11:54:27,417 id_card_processor 45344 126617550587584 Capture timer started
INFO 2025-04-17 11:54:32,498 id_card_processor 45344 126617550587584 Capture triggered
INFO 2025-04-17 11:54:32,503 id_card_processor 45344 126617550587584 Box coordinates set to: (96, 72, 448, 336)
INFO 2025-04-17 11:54:32,504 id_card_processor 45344 126617550587584 Images saved: /media/putu/EC42-8749/shaRD/librarain/media/id_cards/id_card_20250417_115432.jpg and /media/putu/EC42-8749/shaRD/librarain/media/id_cards/id_card_cropped_20250417_115432.jpg
INFO 2025-04-17 11:54:32,668 id_card_processor 45344 126617550587584 OCR completed successfully. Text saved to /media/putu/EC42-8749/shaRD/librarain/media/id_cards/id_card_text_20250417_115432.txt
INFO 2025-04-17 11:54:32,673 id_card_processor 45344 126617550587584 Capture timer started
INFO 2025-04-17 11:54:37,686 id_card_processor 45344 126617550587584 Capture triggered
INFO 2025-04-17 11:54:37,689 id_card_processor 45344 126617550587584 Box coordinates set to: (96, 72, 448, 336)
INFO 2025-04-17 11:54:37,691 id_card_processor 45344 126617550587584 Images saved: /media/putu/EC42-8749/shaRD/librarain/media/id_cards/id_card_20250417_115437.jpg and /media/putu/EC42-8749/shaRD/librarain/media/id_cards/id_card_cropped_20250417_115437.jpg
INFO 2025-04-17 11:54:37,859 id_card_processor 45344 126617550587584 OCR completed successfully. Text saved to /media/putu/EC42-8749/shaRD/librarain/media/id_cards/id_card_text_20250417_115437.txt
INFO 2025-04-17 11:54:37,861 id_card_processor 45344 126617550587584 Capture timer started
INFO 2025-04-17 11:54:42,870 id_card_processor 45344 126617550587584 Capture triggered
INFO 2025-04-17 11:54:42,875 id_card_processor 45344 126617550587584 Box coordinates set to: (96, 72, 448, 336)
INFO 2025-04-17 11:54:42,876 id_card_processor 45344 126617550587584 Images saved: /media/putu/EC42-8749/shaRD/librarain/media/id_cards/id_card_20250417_115442.jpg and /media/putu/EC42-8749/shaRD/librarain/media/id_cards/id_card_cropped_20250417_115442.jpg
INFO 2025-04-17 11:54:43,042 id_card_processor 45344 126617550587584 OCR completed successfully. Text saved to /media/putu/EC42-8749/shaRD/librarain/media/id_cards/id_card_text_20250417_115443.txt
INFO 2025-04-17 11:54:43,045 id_card_processor 45344 126617550587584 Capture timer started
INFO 2025-04-17 11:54:48,119 id_card_processor 45344 126617550587584 Capture triggered
INFO 2025-04-17 11:54:48,122 id_card_processor 45344 126617550587584 Box coordinates set to: (96, 72, 448, 336)
INFO 2025-04-17 11:54:48,123 id_card_processor 45344 126617550587584 Images saved: /media/putu/EC42-8749/shaRD/librarain/media/id_cards/id_card_20250417_115448.jpg and /media/putu/EC42-8749/shaRD/librarain/media/id_cards/id_card_cropped_20250417_115448.jpg
INFO 2025-04-17 11:54:48,287 id_card_processor 45344 126617550587584 OCR completed successfully. Text saved to /media/putu/EC42-8749/shaRD/librarain/media/id_cards/id_card_text_20250417_115448.txt
INFO 2025-04-17 11:54:48,290 id_card_processor 45344 126617550587584 Capture timer started
INFO 2025-04-17 11:54:48,293 cameras 45344 126617550587584 Camera stopped and resources released
INFO 2025-04-17 11:54:48,293 cameras 45344 126617550587584 Camera stopped and resources released
INFO 2025-04-17 11:57:08,641 views 47131 136100203988800 Loaded book mapping for tag 0: {'title': 'The Alchemist', 'author': 'Paolo Coehlo', 'genre': 'Fiction', 'isbn': '123545432543523'}
INFO 2025-04-17 11:57:08,641 views 47131 136100203988800 Loaded book mapping for tag 1: {'title': 'The Idiot', 'author': 'John Smith', 'genre': 'Technology', 'isbn': '9780123456789'}
INFO 2025-04-17 11:57:36,103 views 47226 132248865068864 Loaded book mapping for tag 0: {'title': 'The Alchemist', 'author': 'Paolo Coehlo', 'genre': 'Fiction', 'isbn': '123545432543523'}
INFO 2025-04-17 11:57:36,103 views 47226 132248865068864 Loaded book mapping for tag 1: {'title': 'The Idiot', 'author': 'John Smith', 'genre': 'Technology', 'isbn': '9780123456789'}
INFO 2025-04-17 11:58:14,782 cameras 47226 132242139514560 Found working camera at index 1
INFO 2025-04-17 11:58:15,252 cameras 47226 132242139514560 Successfully opened camera at index 1
INFO 2025-04-17 11:58:16,339 cameras 47226 132242139514560 Camera initialized successfully
INFO 2025-04-17 11:58:16,361 id_card_processor 47226 132242139514560 Using device: cuda
INFO 2025-04-17 11:58:22,680 id_card_processor 47226 132242139514560 Capture timer started
INFO 2025-04-17 11:58:27,688 id_card_processor 47226 132242139514560 Capture triggered
INFO 2025-04-17 11:58:27,694 id_card_processor 47226 132242139514560 Box coordinates set to: (96, 72, 448, 336)
INFO 2025-04-17 11:58:27,696 id_card_processor 47226 132242139514560 Images saved: /media/putu/EC42-8749/shaRD/librarain/media/id_cards/id_card_20250417_115827.jpg and /media/putu/EC42-8749/shaRD/librarain/media/id_cards/id_card_cropped_20250417_115827.jpg
INFO 2025-04-17 11:58:27,920 id_card_processor 47226 132242139514560 OCR completed successfully. Text saved to /media/putu/EC42-8749/shaRD/librarain/media/id_cards/id_card_text_20250417_115827.txt
INFO 2025-04-17 11:58:27,920 id_card_processor 47226 132242139514560 Enhanced image saved to /media/putu/EC42-8749/shaRD/librarain/media/id_cards/enhanced_20250417_115827.jpg
INFO 2025-04-17 11:58:27,920 id_card_processor 47226 132242139514560 Extracted text: 
WARNING 2025-04-17 11:58:27,920 id_card_processor 47226 132242139514560 No text was extracted from the image
INFO 2025-04-17 11:58:27,923 id_card_processor 47226 132242139514560 Capture timer started
INFO 2025-04-17 11:58:32,937 id_card_processor 47226 132242139514560 Capture triggered
INFO 2025-04-17 11:58:32,942 id_card_processor 47226 132242139514560 Box coordinates set to: (96, 72, 448, 336)
INFO 2025-04-17 11:58:32,943 id_card_processor 47226 132242139514560 Images saved: /media/putu/EC42-8749/shaRD/librarain/media/id_cards/id_card_20250417_115832.jpg and /media/putu/EC42-8749/shaRD/librarain/media/id_cards/id_card_cropped_20250417_115832.jpg
INFO 2025-04-17 11:58:33,166 id_card_processor 47226 132242139514560 OCR completed successfully. Text saved to /media/putu/EC42-8749/shaRD/librarain/media/id_cards/id_card_text_20250417_115833.txt
INFO 2025-04-17 11:58:33,166 id_card_processor 47226 132242139514560 Enhanced image saved to /media/putu/EC42-8749/shaRD/librarain/media/id_cards/enhanced_20250417_115833.jpg
INFO 2025-04-17 11:58:33,166 id_card_processor 47226 132242139514560 Extracted text: 
WARNING 2025-04-17 11:58:33,166 id_card_processor 47226 132242139514560 No text was extracted from the image
INFO 2025-04-17 11:58:33,169 id_card_processor 47226 132242139514560 Capture timer started
INFO 2025-04-17 11:58:38,245 id_card_processor 47226 132242139514560 Capture triggered
INFO 2025-04-17 11:58:38,250 id_card_processor 47226 132242139514560 Box coordinates set to: (96, 72, 448, 336)
INFO 2025-04-17 11:58:38,251 id_card_processor 47226 132242139514560 Images saved: /media/putu/EC42-8749/shaRD/librarain/media/id_cards/id_card_20250417_115838.jpg and /media/putu/EC42-8749/shaRD/librarain/media/id_cards/id_card_cropped_20250417_115838.jpg
INFO 2025-04-17 11:58:38,456 id_card_processor 47226 132242139514560 OCR completed successfully. Text saved to /media/putu/EC42-8749/shaRD/librarain/media/id_cards/id_card_text_20250417_115838.txt
INFO 2025-04-17 11:58:38,456 id_card_processor 47226 132242139514560 Enhanced image saved to /media/putu/EC42-8749/shaRD/librarain/media/id_cards/enhanced_20250417_115838.jpg
INFO 2025-04-17 11:58:38,456 id_card_processor 47226 132242139514560 Extracted text: 
WARNING 2025-04-17 11:58:38,456 id_card_processor 47226 132242139514560 No text was extracted from the image
INFO 2025-04-17 11:58:38,459 id_card_processor 47226 132242139514560 Capture timer started
INFO 2025-04-17 11:58:43,553 id_card_processor 47226 132242139514560 Capture triggered
INFO 2025-04-17 11:58:43,558 id_card_processor 47226 132242139514560 Box coordinates set to: (96, 72, 448, 336)
INFO 2025-04-17 11:58:43,560 id_card_processor 47226 132242139514560 Images saved: /media/putu/EC42-8749/shaRD/librarain/media/id_cards/id_card_20250417_115843.jpg and /media/putu/EC42-8749/shaRD/librarain/media/id_cards/id_card_cropped_20250417_115843.jpg
INFO 2025-04-17 11:58:43,739 id_card_processor 47226 132242139514560 OCR completed successfully. Text saved to /media/putu/EC42-8749/shaRD/librarain/media/id_cards/id_card_text_20250417_115843.txt
INFO 2025-04-17 11:58:43,739 id_card_processor 47226 132242139514560 Enhanced image saved to /media/putu/EC42-8749/shaRD/librarain/media/id_cards/enhanced_20250417_115843.jpg
INFO 2025-04-17 11:58:43,739 id_card_processor 47226 132242139514560 Extracted text: 
WARNING 2025-04-17 11:58:43,739 id_card_processor 47226 132242139514560 No text was extracted from the image
INFO 2025-04-17 11:58:43,742 id_card_processor 47226 132242139514560 Capture timer started
INFO 2025-04-17 11:58:48,797 id_card_processor 47226 132242139514560 Capture triggered
INFO 2025-04-17 11:58:48,801 id_card_processor 47226 132242139514560 Box coordinates set to: (96, 72, 448, 336)
INFO 2025-04-17 11:58:48,803 id_card_processor 47226 132242139514560 Images saved: /media/putu/EC42-8749/shaRD/librarain/media/id_cards/id_card_20250417_115848.jpg and /media/putu/EC42-8749/shaRD/librarain/media/id_cards/id_card_cropped_20250417_115848.jpg
INFO 2025-04-17 11:58:49,040 id_card_processor 47226 132242139514560 OCR completed successfully. Text saved to /media/putu/EC42-8749/shaRD/librarain/media/id_cards/id_card_text_20250417_115849.txt
INFO 2025-04-17 11:58:49,041 id_card_processor 47226 132242139514560 Enhanced image saved to /media/putu/EC42-8749/shaRD/librarain/media/id_cards/enhanced_20250417_115849.jpg
INFO 2025-04-17 11:58:49,041 id_card_processor 47226 132242139514560 Extracted text: 
WARNING 2025-04-17 11:58:49,041 id_card_processor 47226 132242139514560 No text was extracted from the image
INFO 2025-04-17 11:58:49,043 id_card_processor 47226 132242139514560 Capture timer started
INFO 2025-04-17 11:58:54,106 id_card_processor 47226 132242139514560 Capture triggered
INFO 2025-04-17 11:58:54,110 id_card_processor 47226 132242139514560 Box coordinates set to: (96, 72, 448, 336)
INFO 2025-04-17 11:58:54,112 id_card_processor 47226 132242139514560 Images saved: /media/putu/EC42-8749/shaRD/librarain/media/id_cards/id_card_20250417_115854.jpg and /media/putu/EC42-8749/shaRD/librarain/media/id_cards/id_card_cropped_20250417_115854.jpg
INFO 2025-04-17 11:58:54,331 id_card_processor 47226 132242139514560 OCR completed successfully. Text saved to /media/putu/EC42-8749/shaRD/librarain/media/id_cards/id_card_text_20250417_115854.txt
INFO 2025-04-17 11:58:54,331 id_card_processor 47226 132242139514560 Enhanced image saved to /media/putu/EC42-8749/shaRD/librarain/media/id_cards/enhanced_20250417_115854.jpg
INFO 2025-04-17 11:58:54,331 id_card_processor 47226 132242139514560 Extracted text: 
WARNING 2025-04-17 11:58:54,331 id_card_processor 47226 132242139514560 No text was extracted from the image
INFO 2025-04-17 11:58:54,334 id_card_processor 47226 132242139514560 Capture timer started
INFO 2025-04-17 11:58:59,353 id_card_processor 47226 132242139514560 Capture triggered
INFO 2025-04-17 11:58:59,355 id_card_processor 47226 132242139514560 Box coordinates set to: (96, 72, 448, 336)
INFO 2025-04-17 11:58:59,355 id_card_processor 47226 132242139514560 Images saved: /media/putu/EC42-8749/shaRD/librarain/media/id_cards/id_card_20250417_115859.jpg and /media/putu/EC42-8749/shaRD/librarain/media/id_cards/id_card_cropped_20250417_115859.jpg
INFO 2025-04-17 11:58:59,545 id_card_processor 47226 132242139514560 OCR completed successfully. Text saved to /media/putu/EC42-8749/shaRD/librarain/media/id_cards/id_card_text_20250417_115859.txt
INFO 2025-04-17 11:58:59,545 id_card_processor 47226 132242139514560 Enhanced image saved to /media/putu/EC42-8749/shaRD/librarain/media/id_cards/enhanced_20250417_115859.jpg
INFO 2025-04-17 11:58:59,545 id_card_processor 47226 132242139514560 Extracted text: 
WARNING 2025-04-17 11:58:59,545 id_card_processor 47226 132242139514560 No text was extracted from the image
INFO 2025-04-17 11:58:59,548 id_card_processor 47226 132242139514560 Capture timer started
INFO 2025-04-17 11:59:04,658 id_card_processor 47226 132242139514560 Capture triggered
INFO 2025-04-17 11:59:04,663 id_card_processor 47226 132242139514560 Box coordinates set to: (96, 72, 448, 336)
INFO 2025-04-17 11:59:04,665 id_card_processor 47226 132242139514560 Images saved: /media/putu/EC42-8749/shaRD/librarain/media/id_cards/id_card_20250417_115904.jpg and /media/putu/EC42-8749/shaRD/librarain/media/id_cards/id_card_cropped_20250417_115904.jpg
INFO 2025-04-17 11:59:04,916 id_card_processor 47226 132242139514560 OCR completed successfully. Text saved to /media/putu/EC42-8749/shaRD/librarain/media/id_cards/id_card_text_20250417_115904.txt
INFO 2025-04-17 11:59:04,917 id_card_processor 47226 132242139514560 Enhanced image saved to /media/putu/EC42-8749/shaRD/librarain/media/id_cards/enhanced_20250417_115904.jpg
INFO 2025-04-17 11:59:04,917 id_card_processor 47226 132242139514560 Extracted text: 
WARNING 2025-04-17 11:59:04,917 id_card_processor 47226 132242139514560 No text was extracted from the image
INFO 2025-04-17 11:59:04,921 id_card_processor 47226 132242139514560 Capture timer started
INFO 2025-04-17 11:59:08,481 cameras 47226 132242139514560 Camera stopped and resources released
INFO 2025-04-17 11:59:08,481 cameras 47226 132242139514560 Camera stopped and resources released
INFO 2025-04-17 12:04:08,565 views 50463 125203601053504 Loaded book mapping for tag 0: {'title': 'The Alchemist', 'author': 'Paolo Coehlo', 'genre': 'Fiction', 'isbn': '123545432543523'}
INFO 2025-04-17 12:04:08,565 views 50463 125203601053504 Loaded book mapping for tag 1: {'title': 'The Idiot', 'author': 'John Smith', 'genre': 'Technology', 'isbn': '9780123456789'}
INFO 2025-04-17 12:04:46,110 cameras 50463 125196107253440 Found working camera at index 1
INFO 2025-04-17 12:04:46,578 cameras 50463 125196107253440 Successfully opened camera at index 1
INFO 2025-04-17 12:04:47,665 cameras 50463 125196107253440 Camera initialized successfully
INFO 2025-04-17 12:04:47,682 id_card_processor 50463 125196107253440 Using device: cuda
INFO 2025-04-17 12:04:49,647 id_card_processor 50463 125196107253440 Capture timer started
INFO 2025-04-17 12:04:54,707 id_card_processor 50463 125196107253440 Capture triggered
INFO 2025-04-17 12:04:54,713 id_card_processor 50463 125196107253440 Box coordinates set to: (96, 72, 448, 336)
INFO 2025-04-17 12:04:54,715 id_card_processor 50463 125196107253440 Images saved: /media/putu/EC42-8749/shaRD/librarain/media/id_cards/id_card_20250417_120454.jpg and /media/putu/EC42-8749/shaRD/librarain/media/id_cards/id_card_cropped_20250417_120454.jpg
INFO 2025-04-17 12:04:55,506 id_card_processor 50463 125196107253440 OCR completed successfully. Text saved to /media/putu/EC42-8749/shaRD/librarain/media/id_cards/id_card_text_20250417_120455.txt
INFO 2025-04-17 12:04:55,506 id_card_processor 50463 125196107253440 Enhanced image saved to /media/putu/EC42-8749/shaRD/librarain/media/id_cards/id_card_20250417_120455.jpg
INFO 2025-04-17 12:04:55,506 id_card_processor 50463 125196107253440 Extracted text: Abhishek
Shah
0
INFO 2025-04-17 12:04:55,506 id_card_processor 50463 125196107253440 Switched to face detection mode
INFO 2025-04-17 12:04:55,508 id_card_processor 50463 125196107253440 Capture timer started
INFO 2025-04-17 12:05:00,568 id_card_processor 50463 125196107253440 Capture triggered
INFO 2025-04-17 12:05:05,282 cameras 50463 125196107253440 Camera stopped and resources released
INFO 2025-04-17 12:05:05,282 cameras 50463 125196107253440 Camera stopped and resources released
INFO 2025-04-17 12:05:41,740 cameras 50463 125196096767680 Found working camera at index 1
INFO 2025-04-17 12:05:42,209 cameras 50463 125196096767680 Successfully opened camera at index 1
INFO 2025-04-17 12:05:43,297 cameras 50463 125196096767680 Camera initialized successfully
INFO 2025-04-17 12:05:43,297 id_card_processor 50463 125196096767680 Using device: cuda
INFO 2025-04-17 12:05:45,150 id_card_processor 50463 125196096767680 Capture timer started
INFO 2025-04-17 12:05:50,218 id_card_processor 50463 125196096767680 Capture triggered
INFO 2025-04-17 12:05:50,223 id_card_processor 50463 125196096767680 Box coordinates set to: (96, 72, 448, 336)
INFO 2025-04-17 12:05:50,224 id_card_processor 50463 125196096767680 Images saved: /media/putu/EC42-8749/shaRD/librarain/media/id_cards/id_card_20250417_120550.jpg and /media/putu/EC42-8749/shaRD/librarain/media/id_cards/id_card_cropped_20250417_120550.jpg
INFO 2025-04-17 12:05:50,688 id_card_processor 50463 125196096767680 OCR completed successfully. Text saved to /media/putu/EC42-8749/shaRD/librarain/media/id_cards/id_card_text_20250417_120550.txt
INFO 2025-04-17 12:05:50,688 id_card_processor 50463 125196096767680 Enhanced image saved to /media/putu/EC42-8749/shaRD/librarain/media/id_cards/id_card_20250417_120550.jpg
INFO 2025-04-17 12:05:50,688 id_card_processor 50463 125196096767680 Extracted text: Abhishek
Shah
INFO 2025-04-17 12:05:50,688 id_card_processor 50463 125196096767680 Switched to face detection mode
INFO 2025-04-17 12:05:50,690 id_card_processor 50463 125196096767680 Capture timer started
INFO 2025-04-17 12:05:55,766 id_card_processor 50463 125196096767680 Capture triggered
INFO 2025-04-17 12:05:58,873 cameras 50463 125196096767680 Camera stopped and resources released
INFO 2025-04-17 12:05:58,873 cameras 50463 125196096767680 Camera stopped and resources released
INFO 2025-04-17 12:06:35,341 cameras 50463 125196107253440 Found working camera at index 1
INFO 2025-04-17 12:06:35,809 cameras 50463 125196107253440 Successfully opened camera at index 1
INFO 2025-04-17 12:06:36,897 cameras 50463 125196107253440 Camera initialized successfully
INFO 2025-04-17 12:06:36,898 id_card_processor 50463 125196107253440 Using device: cuda
INFO 2025-04-17 12:06:38,739 id_card_processor 50463 125196107253440 Capture timer started
INFO 2025-04-17 12:06:43,747 id_card_processor 50463 125196107253440 Capture triggered
INFO 2025-04-17 12:06:43,751 id_card_processor 50463 125196107253440 Box coordinates set to: (96, 72, 448, 336)
INFO 2025-04-17 12:06:43,753 id_card_processor 50463 125196107253440 Images saved: /media/putu/EC42-8749/shaRD/librarain/media/id_cards/id_card_20250417_120643.jpg and /media/putu/EC42-8749/shaRD/librarain/media/id_cards/id_card_cropped_20250417_120643.jpg
INFO 2025-04-17 12:06:44,249 id_card_processor 50463 125196107253440 OCR completed successfully. Text saved to /media/putu/EC42-8749/shaRD/librarain/media/id_cards/id_card_text_20250417_120644.txt
INFO 2025-04-17 12:06:44,249 id_card_processor 50463 125196107253440 Enhanced image saved to /media/putu/EC42-8749/shaRD/librarain/media/id_cards/id_card_20250417_120644.jpg
INFO 2025-04-17 12:06:44,249 id_card_processor 50463 125196107253440 Extracted text: Abhishek
Shah
INFO 2025-04-17 12:06:44,249 id_card_processor 50463 125196107253440 Switched to face detection mode
INFO 2025-04-17 12:06:44,252 id_card_processor 50463 125196107253440 Capture timer started
INFO 2025-04-17 12:06:49,355 id_card_processor 50463 125196107253440 Capture triggered
INFO 2025-04-17 12:06:52,160 cameras 50463 125196107253440 Camera stopped and resources released
INFO 2025-04-17 12:06:52,160 cameras 50463 125196107253440 Camera stopped and resources released
INFO 2025-04-17 12:07:33,237 cameras 50463 125196096767680 Found working camera at index 1
INFO 2025-04-17 12:07:33,705 cameras 50463 125196096767680 Successfully opened camera at index 1
INFO 2025-04-17 12:07:34,793 cameras 50463 125196096767680 Camera initialized successfully
INFO 2025-04-17 12:07:34,794 id_card_processor 50463 125196096767680 Using device: cuda
INFO 2025-04-17 12:07:36,641 id_card_processor 50463 125196096767680 Capture timer started
INFO 2025-04-17 12:07:41,649 id_card_processor 50463 125196096767680 Capture triggered
INFO 2025-04-17 12:07:41,654 id_card_processor 50463 125196096767680 Box coordinates set to: (96, 72, 448, 336)
INFO 2025-04-17 12:07:41,656 id_card_processor 50463 125196096767680 Images saved: /media/putu/EC42-8749/shaRD/librarain/media/id_cards/id_card_20250417_120741.jpg and /media/putu/EC42-8749/shaRD/librarain/media/id_cards/id_card_cropped_20250417_120741.jpg
INFO 2025-04-17 12:07:42,108 id_card_processor 50463 125196096767680 OCR completed successfully. Text saved to /media/putu/EC42-8749/shaRD/librarain/media/id_cards/id_card_text_20250417_120742.txt
INFO 2025-04-17 12:07:42,108 id_card_processor 50463 125196096767680 Enhanced image saved to /media/putu/EC42-8749/shaRD/librarain/media/id_cards/id_card_20250417_120742.jpg
INFO 2025-04-17 12:07:42,108 id_card_processor 50463 125196096767680 Extracted text: Abhishek
Shah
INFO 2025-04-17 12:07:42,108 id_card_processor 50463 125196096767680 Switched to face detection mode
INFO 2025-04-17 12:07:42,110 id_card_processor 50463 125196096767680 Capture timer started
INFO 2025-04-17 12:07:47,137 id_card_processor 50463 125196096767680 Capture triggered
INFO 2025-04-17 12:07:49,467 cameras 50463 125196096767680 Camera stopped and resources released
INFO 2025-04-17 12:07:49,467 cameras 50463 125196096767680 Camera stopped and resources released
INFO 2025-04-17 12:08:08,654 cameras 50463 125194716841664 Found working camera at index 1
INFO 2025-04-17 12:08:09,123 cameras 50463 125194716841664 Successfully opened camera at index 1
INFO 2025-04-17 12:08:10,210 cameras 50463 125194716841664 Camera initialized successfully
INFO 2025-04-17 12:08:10,211 id_card_processor 50463 125194716841664 Using device: cuda
INFO 2025-04-17 12:08:12,066 id_card_processor 50463 125194716841664 Capture timer started
INFO 2025-04-17 12:08:17,134 id_card_processor 50463 125194716841664 Capture triggered
INFO 2025-04-17 12:08:17,138 id_card_processor 50463 125194716841664 Box coordinates set to: (96, 72, 448, 336)
INFO 2025-04-17 12:08:17,140 id_card_processor 50463 125194716841664 Images saved: /media/putu/EC42-8749/shaRD/librarain/media/id_cards/id_card_20250417_120817.jpg and /media/putu/EC42-8749/shaRD/librarain/media/id_cards/id_card_cropped_20250417_120817.jpg
INFO 2025-04-17 12:08:17,569 id_card_processor 50463 125194716841664 OCR completed successfully. Text saved to /media/putu/EC42-8749/shaRD/librarain/media/id_cards/id_card_text_20250417_120817.txt
INFO 2025-04-17 12:08:17,569 id_card_processor 50463 125194716841664 Enhanced image saved to /media/putu/EC42-8749/shaRD/librarain/media/id_cards/id_card_20250417_120817.jpg
INFO 2025-04-17 12:08:17,569 id_card_processor 50463 125194716841664 Extracted text: Abhishek
Shah
INFO 2025-04-17 12:08:17,569 id_card_processor 50463 125194716841664 Switched to face detection mode
INFO 2025-04-17 12:08:17,572 id_card_processor 50463 125194716841664 Capture timer started
INFO 2025-04-17 12:08:22,622 id_card_processor 50463 125194716841664 Capture triggered
INFO 2025-04-17 12:08:24,952 cameras 50463 125194716841664 Camera stopped and resources released
INFO 2025-04-17 12:08:24,952 cameras 50463 125194716841664 Camera stopped and resources released
INFO 2025-04-17 12:08:39,973 cameras 50463 125194737813184 Found working camera at index 1
INFO 2025-04-17 12:08:40,443 cameras 50463 125194737813184 Successfully opened camera at index 1
INFO 2025-04-17 12:08:41,531 cameras 50463 125194737813184 Camera initialized successfully
INFO 2025-04-17 12:08:41,531 id_card_processor 50463 125194737813184 Using device: cuda
INFO 2025-04-17 12:08:43,386 id_card_processor 50463 125194737813184 Capture timer started
INFO 2025-04-17 12:08:48,395 id_card_processor 50463 125194737813184 Capture triggered
INFO 2025-04-17 12:08:48,399 id_card_processor 50463 125194737813184 Box coordinates set to: (96, 72, 448, 336)
INFO 2025-04-17 12:08:48,401 id_card_processor 50463 125194737813184 Images saved: /media/putu/EC42-8749/shaRD/librarain/media/id_cards/id_card_20250417_120848.jpg and /media/putu/EC42-8749/shaRD/librarain/media/id_cards/id_card_cropped_20250417_120848.jpg
INFO 2025-04-17 12:08:48,843 id_card_processor 50463 125194737813184 OCR completed successfully. Text saved to /media/putu/EC42-8749/shaRD/librarain/media/id_cards/id_card_text_20250417_120848.txt
INFO 2025-04-17 12:08:48,844 id_card_processor 50463 125194737813184 Enhanced image saved to /media/putu/EC42-8749/shaRD/librarain/media/id_cards/id_card_20250417_120848.jpg
INFO 2025-04-17 12:08:48,844 id_card_processor 50463 125194737813184 Extracted text: Abhishek
Shah
INFO 2025-04-17 12:08:48,844 id_card_processor 50463 125194737813184 Switched to face detection mode
INFO 2025-04-17 12:08:48,846 id_card_processor 50463 125194737813184 Capture timer started
INFO 2025-04-17 12:08:53,883 id_card_processor 50463 125194737813184 Capture triggered
INFO 2025-04-17 12:08:57,285 cameras 50463 125194737813184 Camera stopped and resources released
INFO 2025-04-17 12:08:57,285 cameras 50463 125194737813184 Camera stopped and resources released
INFO 2025-04-17 12:12:39,885 views 53799 125376686884672 Loaded book mapping for tag 0: {'title': 'The Alchemist', 'author': 'Paolo Coehlo', 'genre': 'Fiction', 'isbn': '123545432543523'}
INFO 2025-04-17 12:12:39,885 views 53799 125376686884672 Loaded book mapping for tag 1: {'title': 'The Idiot', 'author': 'John Smith', 'genre': 'Technology', 'isbn': '9780123456789'}
INFO 2025-04-17 12:12:53,060 cameras 53799 125369193596608 Found working camera at index 1
INFO 2025-04-17 12:12:53,530 cameras 53799 125369193596608 Successfully opened camera at index 1
INFO 2025-04-17 12:12:54,616 cameras 53799 125369193596608 Camera initialized successfully
INFO 2025-04-17 12:12:54,636 id_card_processor 53799 125369193596608 Using device: cuda
INFO 2025-04-17 12:12:56,538 id_card_processor 53799 125369193596608 Capture timer started
INFO 2025-04-17 12:13:01,606 id_card_processor 53799 125369193596608 Capture triggered
INFO 2025-04-17 12:13:01,610 id_card_processor 53799 125369193596608 Box coordinates set to: (96, 72, 448, 336)
INFO 2025-04-17 12:13:01,612 id_card_processor 53799 125369193596608 Images saved: /media/putu/EC42-8749/shaRD/librarain/media/id_cards/id_card_20250417_121301.jpg and /media/putu/EC42-8749/shaRD/librarain/media/id_cards/id_card_cropped_20250417_121301.jpg
INFO 2025-04-17 12:13:02,695 id_card_processor 53799 125369193596608 OCR completed successfully. Text saved to /media/putu/EC42-8749/shaRD/librarain/media/id_cards/id_card_text_20250417_121302.txt
INFO 2025-04-17 12:13:02,695 id_card_processor 53799 125369193596608 Enhanced image saved to /media/putu/EC42-8749/shaRD/librarain/media/id_cards/id_card_20250417_121302.jpg
INFO 2025-04-17 12:13:02,695 id_card_processor 53799 125369193596608 Extracted text: Abhishek
Shah
ISLICU
INFO 2025-04-17 12:13:02,695 id_card_processor 53799 125369193596608 Switched to face detection mode
INFO 2025-04-17 12:13:02,698 id_card_processor 53799 125369193596608 Capture timer started
INFO 2025-04-17 12:13:07,810 id_card_processor 53799 125369193596608 Capture triggered
INFO 2025-04-17 12:13:28,981 cameras 53799 125369193596608 Camera stopped and resources released
INFO 2025-04-17 12:13:28,981 cameras 53799 125369193596608 Camera stopped and resources released
INFO 2025-04-17 12:15:37,618 views 54623 139169841686336 Loaded book mapping for tag 0: {'title': 'The Alchemist', 'author': 'Paolo Coehlo', 'genre': 'Fiction', 'isbn': '123545432543523'}
INFO 2025-04-17 12:15:37,618 views 54623 139169841686336 Loaded book mapping for tag 1: {'title': 'The Idiot', 'author': 'John Smith', 'genre': 'Technology', 'isbn': '9780123456789'}
INFO 2025-04-17 12:16:33,410 views 54835 140400672589632 Loaded book mapping for tag 0: {'title': 'The Alchemist', 'author': 'Paolo Coehlo', 'genre': 'Fiction', 'isbn': '123545432543523'}
INFO 2025-04-17 12:16:33,410 views 54835 140400672589632 Loaded book mapping for tag 1: {'title': 'The Idiot', 'author': 'John Smith', 'genre': 'Technology', 'isbn': '9780123456789'}
INFO 2025-04-17 12:16:50,011 cameras 54835 140393177941696 Found working camera at index 1
INFO 2025-04-17 12:16:50,481 cameras 54835 140393177941696 Successfully opened camera at index 1
INFO 2025-04-17 12:16:51,567 cameras 54835 140393177941696 Camera initialized successfully
INFO 2025-04-17 12:16:51,587 id_card_processor 54835 140393177941696 Using device: cuda
INFO 2025-04-17 12:16:53,469 id_card_processor 54835 140393177941696 Capture timer started
INFO 2025-04-17 12:16:58,477 id_card_processor 54835 140393177941696 Capture triggered
INFO 2025-04-17 12:16:58,480 id_card_processor 54835 140393177941696 Box coordinates set to: (96, 72, 448, 336)
INFO 2025-04-17 12:16:58,482 id_card_processor 54835 140393177941696 Images saved: /media/putu/EC42-8749/shaRD/librarain/media/id_cards/id_card_20250417_121658.jpg and /media/putu/EC42-8749/shaRD/librarain/media/id_cards/id_card_cropped_20250417_121658.jpg
ERROR 2025-04-17 12:17:01,754 id_card_processor 54835 140393177941696 Error performing OCR: not enough values to unpack (expected 3, got 2)
INFO 2025-04-17 12:17:01,757 id_card_processor 54835 140393177941696 Capture timer started
INFO 2025-04-17 12:17:06,766 id_card_processor 54835 140393177941696 Capture triggered
INFO 2025-04-17 12:17:06,771 id_card_processor 54835 140393177941696 Box coordinates set to: (96, 72, 448, 336)
INFO 2025-04-17 12:17:06,773 id_card_processor 54835 140393177941696 Images saved: /media/putu/EC42-8749/shaRD/librarain/media/id_cards/id_card_20250417_121706.jpg and /media/putu/EC42-8749/shaRD/librarain/media/id_cards/id_card_cropped_20250417_121706.jpg
ERROR 2025-04-17 12:17:09,587 id_card_processor 54835 140393177941696 Error performing OCR: not enough values to unpack (expected 3, got 2)
INFO 2025-04-17 12:17:09,590 id_card_processor 54835 140393177941696 Capture timer started
INFO 2025-04-17 12:17:14,698 id_card_processor 54835 140393177941696 Capture triggered
INFO 2025-04-17 12:17:14,702 id_card_processor 54835 140393177941696 Box coordinates set to: (96, 72, 448, 336)
INFO 2025-04-17 12:17:14,704 id_card_processor 54835 140393177941696 Images saved: /media/putu/EC42-8749/shaRD/librarain/media/id_cards/id_card_20250417_121714.jpg and /media/putu/EC42-8749/shaRD/librarain/media/id_cards/id_card_cropped_20250417_121714.jpg
ERROR 2025-04-17 12:17:17,720 id_card_processor 54835 140393177941696 Error performing OCR: not enough values to unpack (expected 3, got 2)
INFO 2025-04-17 12:17:17,723 id_card_processor 54835 140393177941696 Capture timer started
INFO 2025-04-17 12:17:22,745 id_card_processor 54835 140393177941696 Capture triggered
INFO 2025-04-17 12:17:22,750 id_card_processor 54835 140393177941696 Box coordinates set to: (96, 72, 448, 336)
INFO 2025-04-17 12:17:22,751 id_card_processor 54835 140393177941696 Images saved: /media/putu/EC42-8749/shaRD/librarain/media/id_cards/id_card_20250417_121722.jpg and /media/putu/EC42-8749/shaRD/librarain/media/id_cards/id_card_cropped_20250417_121722.jpg
ERROR 2025-04-17 12:17:25,894 id_card_processor 54835 140393177941696 Error performing OCR: not enough values to unpack (expected 3, got 2)
INFO 2025-04-17 12:17:25,897 id_card_processor 54835 140393177941696 Capture timer started
INFO 2025-04-17 12:17:30,918 id_card_processor 54835 140393177941696 Capture triggered
INFO 2025-04-17 12:17:30,922 id_card_processor 54835 140393177941696 Box coordinates set to: (96, 72, 448, 336)
INFO 2025-04-17 12:17:30,924 id_card_processor 54835 140393177941696 Images saved: /media/putu/EC42-8749/shaRD/librarain/media/id_cards/id_card_20250417_121730.jpg and /media/putu/EC42-8749/shaRD/librarain/media/id_cards/id_card_cropped_20250417_121730.jpg
ERROR 2025-04-17 12:17:34,331 id_card_processor 54835 140393177941696 Error performing OCR: not enough values to unpack (expected 3, got 2)
INFO 2025-04-17 12:17:34,334 id_card_processor 54835 140393177941696 Capture timer started
INFO 2025-04-17 12:17:39,442 id_card_processor 54835 140393177941696 Capture triggered
INFO 2025-04-17 12:17:39,446 id_card_processor 54835 140393177941696 Box coordinates set to: (96, 72, 448, 336)
INFO 2025-04-17 12:17:39,448 id_card_processor 54835 140393177941696 Images saved: /media/putu/EC42-8749/shaRD/librarain/media/id_cards/id_card_20250417_121739.jpg and /media/putu/EC42-8749/shaRD/librarain/media/id_cards/id_card_cropped_20250417_121739.jpg
ERROR 2025-04-17 12:17:42,196 id_card_processor 54835 140393177941696 Error performing OCR: not enough values to unpack (expected 3, got 2)
INFO 2025-04-17 12:17:42,199 id_card_processor 54835 140393177941696 Capture timer started
INFO 2025-04-17 12:17:46,304 cameras 54835 140393177941696 Camera stopped and resources released
INFO 2025-04-17 12:17:46,304 cameras 54835 140393177941696 Camera stopped and resources released
INFO 2025-04-17 12:20:43,568 views 56131 127099522631488 Loaded book mapping for tag 0: {'title': 'The Alchemist', 'author': 'Paolo Coehlo', 'genre': 'Fiction', 'isbn': '123545432543523'}
INFO 2025-04-17 12:20:43,568 views 56131 127099522631488 Loaded book mapping for tag 1: {'title': 'The Idiot', 'author': 'John Smith', 'genre': 'Technology', 'isbn': '9780123456789'}
INFO 2025-04-17 12:21:10,883 views 56276 139802606196544 Loaded book mapping for tag 0: {'title': 'The Alchemist', 'author': 'Paolo Coehlo', 'genre': 'Fiction', 'isbn': '123545432543523'}
INFO 2025-04-17 12:21:10,884 views 56276 139802606196544 Loaded book mapping for tag 1: {'title': 'The Idiot', 'author': 'John Smith', 'genre': 'Technology', 'isbn': '9780123456789'}
INFO 2025-04-17 12:21:15,463 cameras 56276 139795112134336 Found working camera at index 1
INFO 2025-04-17 12:21:15,933 cameras 56276 139795112134336 Successfully opened camera at index 1
INFO 2025-04-17 12:21:17,020 cameras 56276 139795112134336 Camera initialized successfully
INFO 2025-04-17 12:21:17,040 id_card_processor 56276 139795112134336 Using device: cuda
INFO 2025-04-17 12:21:18,926 id_card_processor 56276 139795112134336 Capture timer started
INFO 2025-04-17 12:21:23,933 id_card_processor 56276 139795112134336 Capture triggered
INFO 2025-04-17 12:21:23,934 id_card_processor 56276 139795112134336 Box coordinates set to: (96, 72, 448, 336)
INFO 2025-04-17 12:21:23,935 id_card_processor 56276 139795112134336 Images saved: /media/putu/EC42-8749/shaRD/librarain/media/id_cards/id_card_20250417_122123.jpg and /media/putu/EC42-8749/shaRD/librarain/media/id_cards/id_card_cropped_20250417_122123.jpg
ERROR 2025-04-17 12:21:31,933 id_card_processor 56276 139795112134336 Error performing OCR: not enough values to unpack (expected 3, got 2)
INFO 2025-04-17 12:21:31,938 id_card_processor 56276 139795112134336 Capture timer started
INFO 2025-04-17 12:21:37,054 id_card_processor 56276 139795112134336 Capture triggered
INFO 2025-04-17 12:21:37,057 id_card_processor 56276 139795112134336 Box coordinates set to: (96, 72, 448, 336)
INFO 2025-04-17 12:21:37,059 id_card_processor 56276 139795112134336 Images saved: /media/putu/EC42-8749/shaRD/librarain/media/id_cards/id_card_20250417_122137.jpg and /media/putu/EC42-8749/shaRD/librarain/media/id_cards/id_card_cropped_20250417_122137.jpg
ERROR 2025-04-17 12:21:44,329 id_card_processor 56276 139795112134336 Error performing OCR: not enough values to unpack (expected 3, got 2)
INFO 2025-04-17 12:21:44,332 id_card_processor 56276 139795112134336 Capture timer started
INFO 2025-04-17 12:21:49,394 id_card_processor 56276 139795112134336 Capture triggered
INFO 2025-04-17 12:21:49,398 id_card_processor 56276 139795112134336 Box coordinates set to: (96, 72, 448, 336)
INFO 2025-04-17 12:21:49,400 id_card_processor 56276 139795112134336 Images saved: /media/putu/EC42-8749/shaRD/librarain/media/id_cards/id_card_20250417_122149.jpg and /media/putu/EC42-8749/shaRD/librarain/media/id_cards/id_card_cropped_20250417_122149.jpg
ERROR 2025-04-17 12:21:56,991 id_card_processor 56276 139795112134336 Error performing OCR: not enough values to unpack (expected 3, got 2)
INFO 2025-04-17 12:21:56,994 id_card_processor 56276 139795112134336 Capture timer started
INFO 2025-04-17 12:22:02,030 id_card_processor 56276 139795112134336 Capture triggered
INFO 2025-04-17 12:22:02,036 id_card_processor 56276 139795112134336 Box coordinates set to: (96, 72, 448, 336)
INFO 2025-04-17 12:22:02,038 id_card_processor 56276 139795112134336 Images saved: /media/putu/EC42-8749/shaRD/librarain/media/id_cards/id_card_20250417_122202.jpg and /media/putu/EC42-8749/shaRD/librarain/media/id_cards/id_card_cropped_20250417_122202.jpg
ERROR 2025-04-17 12:22:09,548 id_card_processor 56276 139795112134336 Error performing OCR: not enough values to unpack (expected 3, got 2)
INFO 2025-04-17 12:22:09,551 id_card_processor 56276 139795112134336 Capture timer started
INFO 2025-04-17 12:22:14,558 id_card_processor 56276 139795112134336 Capture triggered
INFO 2025-04-17 12:22:14,561 id_card_processor 56276 139795112134336 Box coordinates set to: (96, 72, 448, 336)
INFO 2025-04-17 12:22:14,563 id_card_processor 56276 139795112134336 Images saved: /media/putu/EC42-8749/shaRD/librarain/media/id_cards/id_card_20250417_122214.jpg and /media/putu/EC42-8749/shaRD/librarain/media/id_cards/id_card_cropped_20250417_122214.jpg
ERROR 2025-04-17 12:22:22,077 id_card_processor 56276 139795112134336 Error performing OCR: not enough values to unpack (expected 3, got 2)
INFO 2025-04-17 12:22:22,081 id_card_processor 56276 139795112134336 Capture timer started
INFO 2025-04-17 12:22:27,122 id_card_processor 56276 139795112134336 Capture triggered
INFO 2025-04-17 12:22:27,126 id_card_processor 56276 139795112134336 Box coordinates set to: (96, 72, 448, 336)
INFO 2025-04-17 12:22:27,128 id_card_processor 56276 139795112134336 Images saved: /media/putu/EC42-8749/shaRD/librarain/media/id_cards/id_card_20250417_122227.jpg and /media/putu/EC42-8749/shaRD/librarain/media/id_cards/id_card_cropped_20250417_122227.jpg
WARNING 2025-04-17 12:22:33,790 id_card_processor 56276 139795112134336 No text was extracted from the image
INFO 2025-04-17 12:22:33,793 id_card_processor 56276 139795112134336 Capture timer started
INFO 2025-04-17 12:22:33,797 cameras 56276 139795112134336 Camera stopped and resources released
INFO 2025-04-17 12:22:33,797 cameras 56276 139795112134336 Camera stopped and resources released
INFO 2025-04-17 12:25:41,274 views 56950 131098682660672 Loaded book mapping for tag 0: {'title': 'The Alchemist', 'author': 'Paolo Coehlo', 'genre': 'Fiction', 'isbn': '123545432543523'}
INFO 2025-04-17 12:25:41,274 views 56950 131098682660672 Loaded book mapping for tag 1: {'title': 'The Idiot', 'author': 'John Smith', 'genre': 'Technology', 'isbn': '9780123456789'}
INFO 2025-04-17 12:26:38,162 views 57112 126677361854272 Loaded book mapping for tag 0: {'title': 'The Alchemist', 'author': 'Paolo Coehlo', 'genre': 'Fiction', 'isbn': '123545432543523'}
INFO 2025-04-17 12:26:38,162 views 57112 126677361854272 Loaded book mapping for tag 1: {'title': 'The Idiot', 'author': 'John Smith', 'genre': 'Technology', 'isbn': '9780123456789'}
INFO 2025-04-17 12:26:42,003 cameras 57112 126669868238528 Found working camera at index 1
INFO 2025-04-17 12:26:42,472 cameras 57112 126669868238528 Successfully opened camera at index 1
INFO 2025-04-17 12:26:43,559 cameras 57112 126669868238528 Camera initialized successfully
INFO 2025-04-17 12:26:43,579 id_card_processor 57112 126669868238528 Using device: cuda
INFO 2025-04-17 12:26:45,571 id_card_processor 57112 126669868238528 Capture timer started
INFO 2025-04-17 12:26:50,639 id_card_processor 57112 126669868238528 Capture triggered
INFO 2025-04-17 12:26:50,644 id_card_processor 57112 126669868238528 Box coordinates set to: (96, 72, 448, 336)
INFO 2025-04-17 12:26:50,647 id_card_processor 57112 126669868238528 Images saved: /media/putu/EC42-8749/shaRD/librarain/media/id_cards/id_card_20250417_122650.jpg and /media/putu/EC42-8749/shaRD/librarain/media/id_cards/id_card_cropped_20250417_122650.jpg
INFO 2025-04-17 12:26:51,740 id_card_processor 57112 126669868238528 Extracted text: C
OS0
Abhishek
(end)
co
Onee
Shah
JWd
0
JSLINGTOr
IcoLlece
Katwmacdl
INFO 2025-04-17 12:26:51,740 id_card_processor 57112 126669868238528 Switched to face detection mode
INFO 2025-04-17 12:26:51,743 id_card_processor 57112 126669868238528 Capture timer started
INFO 2025-04-17 12:26:56,783 id_card_processor 57112 126669868238528 Capture triggered
INFO 2025-04-17 12:27:00,009 cameras 57112 126669868238528 Camera stopped and resources released
INFO 2025-04-17 12:27:00,009 cameras 57112 126669868238528 Camera stopped and resources released
INFO 2025-04-17 12:28:55,303 views 57403 139313904756544 Loaded book mapping for tag 0: {'title': 'The Alchemist', 'author': 'Paolo Coehlo', 'genre': 'Fiction', 'isbn': '123545432543523'}
INFO 2025-04-17 12:28:55,303 views 57403 139313904756544 Loaded book mapping for tag 1: {'title': 'The Idiot', 'author': 'John Smith', 'genre': 'Technology', 'isbn': '9780123456789'}
INFO 2025-04-17 12:29:01,826 cameras 57403 139306410706624 Found working camera at index 1
INFO 2025-04-17 12:29:02,295 cameras 57403 139306410706624 Successfully opened camera at index 1
INFO 2025-04-17 12:29:03,382 cameras 57403 139306410706624 Camera initialized successfully
INFO 2025-04-17 12:29:03,401 id_card_processor 57403 139306410706624 Using device: cuda
INFO 2025-04-17 12:29:05,288 id_card_processor 57403 139306410706624 Capture timer started
INFO 2025-04-17 12:29:10,296 id_card_processor 57403 139306410706624 Capture triggered
INFO 2025-04-17 12:29:10,299 id_card_processor 57403 139306410706624 Box coordinates set to: (96, 72, 448, 336)
INFO 2025-04-17 12:29:10,300 id_card_processor 57403 139306410706624 Images saved: /media/putu/EC42-8749/shaRD/librarain/media/id_cards/id_card_20250417_122910.jpg and /media/putu/EC42-8749/shaRD/librarain/media/id_cards/id_card_cropped_20250417_122910.jpg
WARNING 2025-04-17 12:29:11,201 id_card_processor 57403 139306410706624 No text detected, trying original image
WARNING 2025-04-17 12:29:11,671 id_card_processor 57403 139306410706624 No text was extracted from the image
INFO 2025-04-17 12:29:11,674 id_card_processor 57403 139306410706624 Capture timer started
INFO 2025-04-17 12:29:16,675 id_card_processor 57403 139306410706624 Capture triggered
INFO 2025-04-17 12:29:16,678 id_card_processor 57403 139306410706624 Box coordinates set to: (96, 72, 448, 336)
INFO 2025-04-17 12:29:16,679 id_card_processor 57403 139306410706624 Images saved: /media/putu/EC42-8749/shaRD/librarain/media/id_cards/id_card_20250417_122916.jpg and /media/putu/EC42-8749/shaRD/librarain/media/id_cards/id_card_cropped_20250417_122916.jpg
WARNING 2025-04-17 12:29:17,462 id_card_processor 57403 139306410706624 No text detected, trying original image
WARNING 2025-04-17 12:29:17,971 id_card_processor 57403 139306410706624 No text was extracted from the image
INFO 2025-04-17 12:29:17,974 id_card_processor 57403 139306410706624 Capture timer started
INFO 2025-04-17 12:29:23,055 id_card_processor 57403 139306410706624 Capture triggered
INFO 2025-04-17 12:29:23,060 id_card_processor 57403 139306410706624 Box coordinates set to: (96, 72, 448, 336)
INFO 2025-04-17 12:29:23,062 id_card_processor 57403 139306410706624 Images saved: /media/putu/EC42-8749/shaRD/librarain/media/id_cards/id_card_20250417_122923.jpg and /media/putu/EC42-8749/shaRD/librarain/media/id_cards/id_card_cropped_20250417_122923.jpg
WARNING 2025-04-17 12:29:23,846 id_card_processor 57403 139306410706624 No text detected, trying original image
WARNING 2025-04-17 12:29:24,306 id_card_processor 57403 139306410706624 No text was extracted from the image
INFO 2025-04-17 12:29:24,310 id_card_processor 57403 139306410706624 Capture timer started
INFO 2025-04-17 12:29:29,374 id_card_processor 57403 139306410706624 Capture triggered
INFO 2025-04-17 12:29:29,379 id_card_processor 57403 139306410706624 Box coordinates set to: (96, 72, 448, 336)
INFO 2025-04-17 12:29:29,381 id_card_processor 57403 139306410706624 Images saved: /media/putu/EC42-8749/shaRD/librarain/media/id_cards/id_card_20250417_122929.jpg and /media/putu/EC42-8749/shaRD/librarain/media/id_cards/id_card_cropped_20250417_122929.jpg
INFO 2025-04-17 12:29:30,236 id_card_processor 57403 139306410706624 Extracted text: Abhishek
(Hons)
Suict
Shah
enng
Runyy
#pointaaroies
0
INFO 2025-04-17 12:29:30,237 id_card_processor 57403 139306410706624 Switched to face detection mode
INFO 2025-04-17 12:29:30,239 id_card_processor 57403 139306410706624 Capture timer started
INFO 2025-04-17 12:29:35,278 id_card_processor 57403 139306410706624 Capture triggered
INFO 2025-04-17 12:29:38,684 cameras 57403 139306410706624 Camera stopped and resources released
INFO 2025-04-17 12:29:38,684 cameras 57403 139306410706624 Camera stopped and resources released
INFO 2025-04-17 12:32:55,192 views 57938 139768949212992 Loaded book mapping for tag 0: {'title': 'The Alchemist', 'author': 'Paolo Coehlo', 'genre': 'Fiction', 'isbn': '123545432543523'}
INFO 2025-04-17 12:32:55,192 views 57938 139768949212992 Loaded book mapping for tag 1: {'title': 'The Idiot', 'author': 'John Smith', 'genre': 'Technology', 'isbn': '9780123456789'}
INFO 2025-04-17 12:33:03,144 views 58034 136963507676992 Loaded book mapping for tag 0: {'title': 'The Alchemist', 'author': 'Paolo Coehlo', 'genre': 'Fiction', 'isbn': '123545432543523'}
INFO 2025-04-17 12:33:03,144 views 58034 136963507676992 Loaded book mapping for tag 1: {'title': 'The Idiot', 'author': 'John Smith', 'genre': 'Technology', 'isbn': '9780123456789'}
INFO 2025-04-17 12:33:06,897 cameras 58034 136956807743168 Found working camera at index 1
INFO 2025-04-17 12:33:07,366 cameras 58034 136956807743168 Successfully opened camera at index 1
INFO 2025-04-17 12:33:08,453 cameras 58034 136956807743168 Camera initialized successfully
INFO 2025-04-17 12:33:08,474 id_card_processor 58034 136956807743168 Using device: cuda
INFO 2025-04-17 12:33:15,171 id_card_processor 58034 136956807743168 Capture timer started
INFO 2025-04-17 12:33:20,239 id_card_processor 58034 136956807743168 Capture triggered
INFO 2025-04-17 12:33:20,243 id_card_processor 58034 136956807743168 Box coordinates set to: (96, 72, 448, 336)
INFO 2025-04-17 12:33:20,245 id_card_processor 58034 136956807743168 Images saved: /media/putu/EC42-8749/shaRD/librarain/media/id_cards/id_card_20250417_123320.jpg and /media/putu/EC42-8749/shaRD/librarain/media/id_cards/id_card_cropped_20250417_123320.jpg
INFO 2025-04-17 12:33:21,354 id_card_processor 58034 136956807743168 OCR completed successfully. Text saved to: /media/putu/EC42-8749/shaRD/librarain/media/id_cards/id_card_cropped_20250417_123320.txt
INFO 2025-04-17 12:33:21,354 id_card_processor 58034 136956807743168 Switched to face detection mode
INFO 2025-04-17 12:33:21,358 id_card_processor 58034 136956807743168 Capture timer started
INFO 2025-04-17 12:33:26,443 id_card_processor 58034 136956807743168 Capture triggered
INFO 2025-04-17 12:33:30,920 cameras 58034 136956807743168 Camera stopped and resources released
INFO 2025-04-17 12:33:30,920 cameras 58034 136956807743168 Camera stopped and resources released
INFO 2025-04-17 12:35:58,984 views 58952 140499635427136 Loaded book mapping for tag 0: {'title': 'The Alchemist', 'author': 'Paolo Coehlo', 'genre': 'Fiction', 'isbn': '123545432543523'}
INFO 2025-04-17 12:35:58,984 views 58952 140499635427136 Loaded book mapping for tag 1: {'title': 'The Idiot', 'author': 'John Smith', 'genre': 'Technology', 'isbn': '9780123456789'}
INFO 2025-04-17 12:36:03,756 views 59012 137577674921792 Loaded book mapping for tag 0: {'title': 'The Alchemist', 'author': 'Paolo Coehlo', 'genre': 'Fiction', 'isbn': '123545432543523'}
INFO 2025-04-17 12:36:03,756 views 59012 137577674921792 Loaded book mapping for tag 1: {'title': 'The Idiot', 'author': 'John Smith', 'genre': 'Technology', 'isbn': '9780123456789'}
INFO 2025-04-17 12:40:49,435 views 59616 130709121394496 Loaded book mapping for tag 0: {'title': 'The Alchemist', 'author': 'Paolo Coehlo', 'genre': 'Fiction', 'isbn': '123545432543523'}
INFO 2025-04-17 12:40:49,435 views 59616 130709121394496 Loaded book mapping for tag 1: {'title': 'The Idiot', 'author': 'John Smith', 'genre': 'Technology', 'isbn': '9780123456789'}
INFO 2025-04-17 12:41:10,401 views 59907 123470386595648 Loaded book mapping for tag 0: {'title': 'The Alchemist', 'author': 'Paolo Coehlo', 'genre': 'Fiction', 'isbn': '123545432543523'}
INFO 2025-04-17 12:41:10,402 views 59907 123470386595648 Loaded book mapping for tag 1: {'title': 'The Idiot', 'author': 'John Smith', 'genre': 'Technology', 'isbn': '9780123456789'}
INFO 2025-04-17 12:41:14,358 cameras 59907 123463685637824 Found working camera at index 1
INFO 2025-04-17 12:41:14,826 cameras 59907 123463685637824 Successfully opened camera at index 1
INFO 2025-04-17 12:41:15,913 cameras 59907 123463685637824 Camera initialized successfully
INFO 2025-04-17 12:41:15,935 id_card_processor 59907 123463685637824 Using device: cuda
INFO 2025-04-17 12:41:22,439 id_card_processor 59907 123463685637824 Capture timer started
INFO 2025-04-17 12:41:27,506 id_card_processor 59907 123463685637824 Capture triggered
INFO 2025-04-17 12:41:27,511 id_card_processor 59907 123463685637824 Box coordinates set to: (96, 72, 448, 336)
INFO 2025-04-17 12:41:27,513 id_card_processor 59907 123463685637824 Images saved: /media/putu/EC42-8749/shaRD/librarain/media/id_cards/id_card_20250417_124127.jpg and /media/putu/EC42-8749/shaRD/librarain/media/id_cards/id_card_cropped_20250417_124127.jpg
WARNING 2025-04-17 12:41:28,978 id_card_processor 59907 123463685637824 Missing details: ['name', 'student_id', 'course']
INFO 2025-04-17 12:41:29,097 id_card_processor 59907 123463685637824 OCR completed successfully. Text saved to: /media/putu/EC42-8749/shaRD/librarain/media/id_cards/id_card_cropped_20250417_124127.txt
INFO 2025-04-17 12:41:29,097 id_card_processor 59907 123463685637824 Extracted details: {'name': None, 'student_id': None, 'course': None, 'verified': False}
INFO 2025-04-17 12:41:29,097 id_card_processor 59907 123463685637824 Switched to face detection mode
INFO 2025-04-17 12:41:29,100 id_card_processor 59907 123463685637824 Capture timer started
INFO 2025-04-17 12:41:34,187 id_card_processor 59907 123463685637824 Capture triggered
INFO 2025-04-17 12:41:38,663 cameras 59907 123463685637824 Camera stopped and resources released
INFO 2025-04-17 12:41:38,663 cameras 59907 123463685637824 Camera stopped and resources released
INFO 2025-04-17 12:42:38,985 views 60671 127472825210688 Loaded book mapping for tag 0: {'title': 'The Alchemist', 'author': 'Paolo Coehlo', 'genre': 'Fiction', 'isbn': '123545432543523'}
INFO 2025-04-17 12:42:38,985 views 60671 127472825210688 Loaded book mapping for tag 1: {'title': 'The Idiot', 'author': 'John Smith', 'genre': 'Technology', 'isbn': '9780123456789'}
INFO 2025-04-17 12:42:52,918 views 60754 129796474902336 Loaded book mapping for tag 0: {'title': 'The Alchemist', 'author': 'Paolo Coehlo', 'genre': 'Fiction', 'isbn': '123545432543523'}
INFO 2025-04-17 12:42:52,918 views 60754 129796474902336 Loaded book mapping for tag 1: {'title': 'The Idiot', 'author': 'John Smith', 'genre': 'Technology', 'isbn': '9780123456789'}
INFO 2025-04-17 12:44:30,673 views 60957 130055919359808 Loaded book mapping for tag 0: {'title': 'The Alchemist', 'author': 'Paolo Coehlo', 'genre': 'Fiction', 'isbn': '123545432543523'}
INFO 2025-04-17 12:44:30,673 views 60957 130055919359808 Loaded book mapping for tag 1: {'title': 'The Idiot', 'author': 'John Smith', 'genre': 'Technology', 'isbn': '9780123456789'}
INFO 2025-04-17 12:44:45,739 views 61046 135018559080256 Loaded book mapping for tag 0: {'title': 'The Alchemist', 'author': 'Paolo Coehlo', 'genre': 'Fiction', 'isbn': '123545432543523'}
INFO 2025-04-17 12:44:45,739 views 61046 135018559080256 Loaded book mapping for tag 1: {'title': 'The Idiot', 'author': 'John Smith', 'genre': 'Technology', 'isbn': '9780123456789'}
INFO 2025-04-17 12:45:18,117 views 61331 130723427903296 Loaded book mapping for tag 0: {'title': 'The Alchemist', 'author': 'Paolo Coehlo', 'genre': 'Fiction', 'isbn': '123545432543523'}
INFO 2025-04-17 12:45:18,118 views 61331 130723427903296 Loaded book mapping for tag 1: {'title': 'The Idiot', 'author': 'John Smith', 'genre': 'Technology', 'isbn': '9780123456789'}
INFO 2025-04-17 12:45:47,374 views 61424 135474279335744 Loaded book mapping for tag 0: {'title': 'The Alchemist', 'author': 'Paolo Coehlo', 'genre': 'Fiction', 'isbn': '123545432543523'}
INFO 2025-04-17 12:45:47,375 views 61424 135474279335744 Loaded book mapping for tag 1: {'title': 'The Idiot', 'author': 'John Smith', 'genre': 'Technology', 'isbn': '9780123456789'}
INFO 2025-04-17 12:47:43,028 views 61635 125868514572096 Loaded book mapping for tag 0: {'title': 'The Alchemist', 'author': 'Paolo Coehlo', 'genre': 'Fiction', 'isbn': '123545432543523'}
INFO 2025-04-17 12:47:43,028 views 61635 125868514572096 Loaded book mapping for tag 1: {'title': 'The Idiot', 'author': 'John Smith', 'genre': 'Technology', 'isbn': '9780123456789'}
INFO 2025-04-17 12:47:52,977 cameras 61635 125861814601408 Found working camera at index 1
INFO 2025-04-17 12:47:53,446 cameras 61635 125861814601408 Successfully opened camera at index 1
INFO 2025-04-17 12:47:54,533 cameras 61635 125861814601408 Camera initialized successfully
INFO 2025-04-17 12:47:54,554 id_card_processor 61635 125861814601408 Using device: cuda
INFO 2025-04-17 12:48:01,508 id_card_processor 61635 125861814601408 Capture timer started
INFO 2025-04-17 12:48:06,517 id_card_processor 61635 125861814601408 Capture triggered
INFO 2025-04-17 12:48:06,521 id_card_processor 61635 125861814601408 Box coordinates set to: (96, 72, 448, 336)
INFO 2025-04-17 12:48:06,524 id_card_processor 61635 125861814601408 Images saved: /media/putu/EC42-8749/shaRD/librarain/media/id_cards/id_card_20250417_124806.jpg and /media/putu/EC42-8749/shaRD/librarain/media/id_cards/id_card_cropped_20250417_124806.jpg
WARNING 2025-04-17 12:48:07,929 id_card_processor 61635 125861814601408 Missing details: ['name', 'student_id', 'course']
INFO 2025-04-17 12:48:08,037 id_card_processor 61635 125861814601408 OCR completed successfully. Text saved to: /media/putu/EC42-8749/shaRD/librarain/media/id_cards/id_card_cropped_20250417_124806.txt
INFO 2025-04-17 12:48:08,037 id_card_processor 61635 125861814601408 Extracted details: {'name': None, 'student_id': None, 'course': None, 'verified': False}
INFO 2025-04-17 12:48:08,037 id_card_processor 61635 125861814601408 Switched to face detection mode
INFO 2025-04-17 12:48:08,041 id_card_processor 61635 125861814601408 Capture timer started
INFO 2025-04-17 12:48:13,137 id_card_processor 61635 125861814601408 Capture triggered
INFO 2025-04-17 12:48:17,198 cameras 61635 125861814601408 Camera stopped and resources released
INFO 2025-04-17 12:48:17,198 cameras 61635 125861814601408 Camera stopped and resources released
INFO 2025-04-17 12:50:03,060 views 62462 126726279817024 Loaded book mapping for tag 0: {'title': 'The Alchemist', 'author': 'Paolo Coehlo', 'genre': 'Fiction', 'isbn': '123545432543523'}
INFO 2025-04-17 12:50:03,060 views 62462 126726279817024 Loaded book mapping for tag 1: {'title': 'The Idiot', 'author': 'John Smith', 'genre': 'Technology', 'isbn': '9780123456789'}
INFO 2025-04-17 12:50:59,086 cameras 62462 126719579129536 Found working camera at index 1
INFO 2025-04-17 12:50:59,555 cameras 62462 126719579129536 Successfully opened camera at index 1
INFO 2025-04-17 12:51:00,641 cameras 62462 126719579129536 Camera initialized successfully
INFO 2025-04-17 12:51:00,662 id_card_processor 62462 126719579129536 Using device: cuda
INFO 2025-04-17 12:51:05,623 id_card_processor 62462 126719579129536 Capture timer started
INFO 2025-04-17 12:51:10,692 id_card_processor 62462 126719579129536 Capture triggered
INFO 2025-04-17 12:51:10,696 id_card_processor 62462 126719579129536 Box coordinates set to: (96, 72, 448, 336)
INFO 2025-04-17 12:51:10,697 id_card_processor 62462 126719579129536 Images saved: /media/putu/EC42-8749/shaRD/librarain/media/id_cards/id_card_20250417_125110.jpg and /media/putu/EC42-8749/shaRD/librarain/media/id_cards/id_card_cropped_20250417_125110.jpg
WARNING 2025-04-17 12:51:12,033 id_card_processor 62462 126719579129536 Missing details: ['student_id', 'course']
INFO 2025-04-17 12:51:12,145 id_card_processor 62462 126719579129536 OCR completed successfully. Text saved to: /media/putu/EC42-8749/shaRD/librarain/media/id_cards/id_card_cropped_20250417_125110.txt
INFO 2025-04-17 12:51:12,145 id_card_processor 62462 126719579129536 Extracted details: {'name': 'Abhishek Shah', 'student_id': None, 'course': None, 'verified': False}
INFO 2025-04-17 12:51:12,145 id_card_processor 62462 126719579129536 Switched to face detection mode
INFO 2025-04-17 12:51:12,148 id_card_processor 62462 126719579129536 Capture timer started
INFO 2025-04-17 12:51:17,252 id_card_processor 62462 126719579129536 Capture triggered
INFO 2025-04-17 12:51:20,776 cameras 62462 126719579129536 Camera stopped and resources released
INFO 2025-04-17 12:51:20,776 cameras 62462 126719579129536 Camera stopped and resources released
INFO 2025-04-17 12:54:05,249 views 63457 132710763247424 Loaded book mapping for tag 0: {'title': 'The Alchemist', 'author': 'Paolo Coehlo', 'genre': 'Fiction', 'isbn': '123545432543523'}
INFO 2025-04-17 12:54:05,249 views 63457 132710763247424 Loaded book mapping for tag 1: {'title': 'The Idiot', 'author': 'John Smith', 'genre': 'Technology', 'isbn': '9780123456789'}
INFO 2025-04-17 12:55:01,991 views 63548 125503923881792 Loaded book mapping for tag 0: {'title': 'The Alchemist', 'author': 'Paolo Coehlo', 'genre': 'Fiction', 'isbn': '123545432543523'}
INFO 2025-04-17 12:55:01,991 views 63548 125503923881792 Loaded book mapping for tag 1: {'title': 'The Idiot', 'author': 'John Smith', 'genre': 'Technology', 'isbn': '9780123456789'}
INFO 2025-04-17 12:55:29,267 views 63640 124519685273408 Loaded book mapping for tag 0: {'title': 'The Alchemist', 'author': 'Paolo Coehlo', 'genre': 'Fiction', 'isbn': '123545432543523'}
INFO 2025-04-17 12:55:29,267 views 63640 124519685273408 Loaded book mapping for tag 1: {'title': 'The Idiot', 'author': 'John Smith', 'genre': 'Technology', 'isbn': '9780123456789'}
INFO 2025-04-17 12:55:45,486 views 63738 130702320613184 Loaded book mapping for tag 0: {'title': 'The Alchemist', 'author': 'Paolo Coehlo', 'genre': 'Fiction', 'isbn': '123545432543523'}
INFO 2025-04-17 12:55:45,486 views 63738 130702320613184 Loaded book mapping for tag 1: {'title': 'The Idiot', 'author': 'John Smith', 'genre': 'Technology', 'isbn': '9780123456789'}
INFO 2025-04-17 12:56:08,831 views 63841 131222190327616 Loaded book mapping for tag 0: {'title': 'The Alchemist', 'author': 'Paolo Coehlo', 'genre': 'Fiction', 'isbn': '123545432543523'}
INFO 2025-04-17 12:56:08,831 views 63841 131222190327616 Loaded book mapping for tag 1: {'title': 'The Idiot', 'author': 'John Smith', 'genre': 'Technology', 'isbn': '9780123456789'}
INFO 2025-04-17 12:59:21,409 views 64477 138857632741184 Loaded book mapping for tag 0: {'title': 'The Alchemist', 'author': 'Paolo Coehlo', 'genre': 'Fiction', 'isbn': '123545432543523'}
INFO 2025-04-17 12:59:21,409 views 64477 138857632741184 Loaded book mapping for tag 1: {'title': 'The Idiot', 'author': 'John Smith', 'genre': 'Technology', 'isbn': '9780123456789'}
INFO 2025-04-17 12:59:46,753 views 64571 123136944744256 Loaded book mapping for tag 0: {'title': 'The Alchemist', 'author': 'Paolo Coehlo', 'genre': 'Fiction', 'isbn': '123545432543523'}
INFO 2025-04-17 12:59:46,753 views 64571 123136944744256 Loaded book mapping for tag 1: {'title': 'The Idiot', 'author': 'John Smith', 'genre': 'Technology', 'isbn': '9780123456789'}
INFO 2025-04-17 12:59:57,719 views 64669 124991595464512 Loaded book mapping for tag 0: {'title': 'The Alchemist', 'author': 'Paolo Coehlo', 'genre': 'Fiction', 'isbn': '123545432543523'}
INFO 2025-04-17 12:59:57,719 views 64669 124991595464512 Loaded book mapping for tag 1: {'title': 'The Idiot', 'author': 'John Smith', 'genre': 'Technology', 'isbn': '9780123456789'}
INFO 2025-04-17 13:00:05,738 views 64756 137377351362368 Loaded book mapping for tag 0: {'title': 'The Alchemist', 'author': 'Paolo Coehlo', 'genre': 'Fiction', 'isbn': '123545432543523'}
INFO 2025-04-17 13:00:05,738 views 64756 137377351362368 Loaded book mapping for tag 1: {'title': 'The Idiot', 'author': 'John Smith', 'genre': 'Technology', 'isbn': '9780123456789'}
INFO 2025-04-17 13:00:12,684 views 64846 131243654608704 Loaded book mapping for tag 0: {'title': 'The Alchemist', 'author': 'Paolo Coehlo', 'genre': 'Fiction', 'isbn': '123545432543523'}
INFO 2025-04-17 13:00:12,684 views 64846 131243654608704 Loaded book mapping for tag 1: {'title': 'The Idiot', 'author': 'John Smith', 'genre': 'Technology', 'isbn': '9780123456789'}
INFO 2025-04-17 13:00:35,953 views 64938 132323199166272 Loaded book mapping for tag 0: {'title': 'The Alchemist', 'author': 'Paolo Coehlo', 'genre': 'Fiction', 'isbn': '123545432543523'}
INFO 2025-04-17 13:00:35,954 views 64938 132323199166272 Loaded book mapping for tag 1: {'title': 'The Idiot', 'author': 'John Smith', 'genre': 'Technology', 'isbn': '9780123456789'}
INFO 2025-04-17 13:00:46,019 views 65051 129527992870720 Loaded book mapping for tag 0: {'title': 'The Alchemist', 'author': 'Paolo Coehlo', 'genre': 'Fiction', 'isbn': '123545432543523'}
INFO 2025-04-17 13:00:46,020 views 65051 129527992870720 Loaded book mapping for tag 1: {'title': 'The Idiot', 'author': 'John Smith', 'genre': 'Technology', 'isbn': '9780123456789'}
INFO 2025-04-17 13:01:10,223 views 65186 124423529695040 Loaded book mapping for tag 0: {'title': 'The Alchemist', 'author': 'Paolo Coehlo', 'genre': 'Fiction', 'isbn': '123545432543523'}
INFO 2025-04-17 13:01:10,223 views 65186 124423529695040 Loaded book mapping for tag 1: {'title': 'The Idiot', 'author': 'John Smith', 'genre': 'Technology', 'isbn': '9780123456789'}
INFO 2025-04-17 13:01:41,663 views 65381 128726281254720 Loaded book mapping for tag 0: {'title': 'The Alchemist', 'author': 'Paolo Coehlo', 'genre': 'Fiction', 'isbn': '123545432543523'}
INFO 2025-04-17 13:01:41,663 views 65381 128726281254720 Loaded book mapping for tag 1: {'title': 'The Idiot', 'author': 'John Smith', 'genre': 'Technology', 'isbn': '9780123456789'}
INFO 2025-04-17 13:02:28,466 views 65480 131665839277888 Loaded book mapping for tag 0: {'title': 'The Alchemist', 'author': 'Paolo Coehlo', 'genre': 'Fiction', 'isbn': '123545432543523'}
INFO 2025-04-17 13:02:28,466 views 65480 131665839277888 Loaded book mapping for tag 1: {'title': 'The Idiot', 'author': 'John Smith', 'genre': 'Technology', 'isbn': '9780123456789'}
INFO 2025-04-17 13:02:34,435 views 65561 130995258496832 Loaded book mapping for tag 0: {'title': 'The Alchemist', 'author': 'Paolo Coehlo', 'genre': 'Fiction', 'isbn': '123545432543523'}
INFO 2025-04-17 13:02:34,436 views 65561 130995258496832 Loaded book mapping for tag 1: {'title': 'The Idiot', 'author': 'John Smith', 'genre': 'Technology', 'isbn': '9780123456789'}
INFO 2025-04-17 13:02:37,406 cameras 65561 130987755308736 Found working camera at index 1
INFO 2025-04-17 13:02:37,875 cameras 65561 130987755308736 Successfully opened camera at index 1
INFO 2025-04-17 13:02:38,962 cameras 65561 130987755308736 Camera initialized successfully
INFO 2025-04-17 13:02:38,985 id_card_processor 65561 130987755308736 Using device: cuda
ERROR 2025-04-17 13:02:46,391 utils 65561 130987755308736 Error in Creating camera of type id_card: Unable to open shape_predictor_68_face_landmarks.dat for reading.
ERROR 2025-04-17 13:02:46,392 utils 65561 130987755308736 Error in Video feed: Error in Creating camera of type id_card: Unable to open shape_predictor_68_face_landmarks.dat for reading.
INFO 2025-04-17 13:02:46,511 cameras 65561 130987755308736 Camera stopped and resources released
INFO 2025-04-17 13:06:28,982 views 66385 128001626986304 Loaded book mapping for tag 0: {'title': 'The Alchemist', 'author': 'Paolo Coehlo', 'genre': 'Fiction', 'isbn': '123545432543523'}
INFO 2025-04-17 13:06:28,982 views 66385 128001626986304 Loaded book mapping for tag 1: {'title': 'The Idiot', 'author': 'John Smith', 'genre': 'Technology', 'isbn': '9780123456789'}
INFO 2025-04-17 13:06:33,594 cameras 66385 127994123257536 Found working camera at index 1
INFO 2025-04-17 13:06:34,062 cameras 66385 127994123257536 Successfully opened camera at index 1
INFO 2025-04-17 13:06:35,149 cameras 66385 127994123257536 Camera initialized successfully
INFO 2025-04-17 13:06:35,171 id_card_processor 66385 127994123257536 Using device: cuda
ERROR 2025-04-17 13:06:44,044 utils 66385 127994123257536 Error in Creating camera of type id_card: Face predictor model not found at /media/putu/EC42-8749/shaRD/librarain/library/models/shape_predictor_68_face_landmarks.dat
ERROR 2025-04-17 13:06:44,045 utils 66385 127994123257536 Error in Video feed: Error in Creating camera of type id_card: Face predictor model not found at /media/putu/EC42-8749/shaRD/librarain/library/models/shape_predictor_68_face_landmarks.dat
INFO 2025-04-17 13:06:44,156 cameras 66385 127994123257536 Camera stopped and resources released
INFO 2025-04-17 13:08:04,310 views 66838 140702563301184 Loaded book mapping for tag 0: {'title': 'The Alchemist', 'author': 'Paolo Coehlo', 'genre': 'Fiction', 'isbn': '123545432543523'}
INFO 2025-04-17 13:08:04,310 views 66838 140702563301184 Loaded book mapping for tag 1: {'title': 'The Idiot', 'author': 'John Smith', 'genre': 'Technology', 'isbn': '9780123456789'}
INFO 2025-04-17 13:08:07,959 cameras 66838 140695058777792 Found working camera at index 1
INFO 2025-04-17 13:08:08,428 cameras 66838 140695058777792 Successfully opened camera at index 1
INFO 2025-04-17 13:08:09,515 cameras 66838 140695058777792 Camera initialized successfully
INFO 2025-04-17 13:08:09,537 id_card_processor 66838 140695058777792 Using device: cuda
ERROR 2025-04-17 13:08:17,056 utils 66838 140695058777792 Error in Creating camera of type id_card: An error occurred while trying to read the first object from the file '/media/putu/EC42-8749/shaRD/librarain/library/models/shape_predictor_68_face_landmarks.dat'.
ERROR: Error deserializing object of type unsigned long
   while deserializing object of type std::string

ERROR 2025-04-17 13:08:17,056 utils 66838 140695058777792 Error in Video feed: Error in Creating camera of type id_card: An error occurred while trying to read the first object from the file '/media/putu/EC42-8749/shaRD/librarain/library/models/shape_predictor_68_face_landmarks.dat'.
ERROR: Error deserializing object of type unsigned long
   while deserializing object of type std::string

INFO 2025-04-17 13:08:17,175 cameras 66838 140695058777792 Camera stopped and resources released
INFO 2025-04-17 13:08:27,223 views 67261 131487684888384 Loaded book mapping for tag 0: {'title': 'The Alchemist', 'author': 'Paolo Coehlo', 'genre': 'Fiction', 'isbn': '123545432543523'}
INFO 2025-04-17 13:08:27,223 views 67261 131487684888384 Loaded book mapping for tag 1: {'title': 'The Idiot', 'author': 'John Smith', 'genre': 'Technology', 'isbn': '9780123456789'}
INFO 2025-04-17 13:08:30,157 cameras 67261 131480986584768 Found working camera at index 1
INFO 2025-04-17 13:08:30,626 cameras 67261 131480986584768 Successfully opened camera at index 1
INFO 2025-04-17 13:08:31,713 cameras 67261 131480986584768 Camera initialized successfully
INFO 2025-04-17 13:08:31,733 id_card_processor 67261 131480986584768 Using device: cuda
INFO 2025-04-17 13:08:38,895 id_card_processor 67261 131480986584768 Capture timer started
INFO 2025-04-17 13:08:43,908 id_card_processor 67261 131480986584768 Capture triggered
INFO 2025-04-17 13:08:43,914 id_card_processor 67261 131480986584768 Box coordinates set to: (96, 72, 448, 336)
INFO 2025-04-17 13:08:43,916 id_card_processor 67261 131480986584768 Images saved: /media/putu/EC42-8749/shaRD/librarain/media/id_cards/id_card_20250417_130843.jpg and /media/putu/EC42-8749/shaRD/librarain/media/id_cards/id_card_cropped_20250417_130843.jpg
INFO 2025-04-17 13:08:45,024 id_card_processor 67261 131480986584768 OCR completed successfully. Text saved to: /media/putu/EC42-8749/shaRD/librarain/media/id_cards/id_card_cropped_20250417_130843.txt
INFO 2025-04-17 13:08:45,024 id_card_processor 67261 131480986584768 Switched to face detection mode
INFO 2025-04-17 13:08:45,029 id_card_processor 67261 131480986584768 Capture timer started
INFO 2025-04-17 13:08:50,047 id_card_processor 67261 131480986584768 Capture triggered
INFO 2025-04-17 13:08:54,345 cameras 67261 131480986584768 Camera stopped and resources released
INFO 2025-04-17 13:08:54,346 cameras 67261 131480986584768 Camera stopped and resources released
INFO 2025-04-17 13:11:12,126 views 68059 131484903114560 Loaded book mapping for tag 0: {'title': 'The Alchemist', 'author': 'Paolo Coehlo', 'genre': 'Fiction', 'isbn': '123545432543523'}
INFO 2025-04-17 13:11:12,126 views 68059 131484903114560 Loaded book mapping for tag 1: {'title': 'The Idiot', 'author': 'John Smith', 'genre': 'Technology', 'isbn': '9780123456789'}
INFO 2025-04-17 13:11:19,952 views 68246 127888360159040 Loaded book mapping for tag 0: {'title': 'The Alchemist', 'author': 'Paolo Coehlo', 'genre': 'Fiction', 'isbn': '123545432543523'}
INFO 2025-04-17 13:11:19,952 views 68246 127888360159040 Loaded book mapping for tag 1: {'title': 'The Idiot', 'author': 'John Smith', 'genre': 'Technology', 'isbn': '9780123456789'}
INFO 2025-04-17 13:11:24,781 views 68302 134042819815232 Loaded book mapping for tag 0: {'title': 'The Alchemist', 'author': 'Paolo Coehlo', 'genre': 'Fiction', 'isbn': '123545432543523'}
INFO 2025-04-17 13:11:24,781 views 68302 134042819815232 Loaded book mapping for tag 1: {'title': 'The Idiot', 'author': 'John Smith', 'genre': 'Technology', 'isbn': '9780123456789'}
INFO 2025-04-17 13:11:35,688 views 68385 138883053520704 Loaded book mapping for tag 0: {'title': 'The Alchemist', 'author': 'Paolo Coehlo', 'genre': 'Fiction', 'isbn': '123545432543523'}
INFO 2025-04-17 13:11:35,689 views 68385 138883053520704 Loaded book mapping for tag 1: {'title': 'The Idiot', 'author': 'John Smith', 'genre': 'Technology', 'isbn': '9780123456789'}
INFO 2025-04-17 13:11:57,842 views 68493 135479781041984 Loaded book mapping for tag 0: {'title': 'The Alchemist', 'author': 'Paolo Coehlo', 'genre': 'Fiction', 'isbn': '123545432543523'}
INFO 2025-04-17 13:11:57,842 views 68493 135479781041984 Loaded book mapping for tag 1: {'title': 'The Idiot', 'author': 'John Smith', 'genre': 'Technology', 'isbn': '9780123456789'}
INFO 2025-04-17 13:12:11,800 views 68567 129244998637376 Loaded book mapping for tag 0: {'title': 'The Alchemist', 'author': 'Paolo Coehlo', 'genre': 'Fiction', 'isbn': '123545432543523'}
INFO 2025-04-17 13:12:11,800 views 68567 129244998637376 Loaded book mapping for tag 1: {'title': 'The Idiot', 'author': 'John Smith', 'genre': 'Technology', 'isbn': '9780123456789'}
INFO 2025-04-17 13:12:27,768 views 68658 131987623548736 Loaded book mapping for tag 0: {'title': 'The Alchemist', 'author': 'Paolo Coehlo', 'genre': 'Fiction', 'isbn': '123545432543523'}
INFO 2025-04-17 13:12:27,768 views 68658 131987623548736 Loaded book mapping for tag 1: {'title': 'The Idiot', 'author': 'John Smith', 'genre': 'Technology', 'isbn': '9780123456789'}
INFO 2025-04-17 13:12:35,578 views 68741 124323083638592 Loaded book mapping for tag 0: {'title': 'The Alchemist', 'author': 'Paolo Coehlo', 'genre': 'Fiction', 'isbn': '123545432543523'}
INFO 2025-04-17 13:12:35,578 views 68741 124323083638592 Loaded book mapping for tag 1: {'title': 'The Idiot', 'author': 'John Smith', 'genre': 'Technology', 'isbn': '9780123456789'}
INFO 2025-04-17 13:13:09,896 views 68954 130550514165568 Loaded book mapping for tag 0: {'title': 'The Alchemist', 'author': 'Paolo Coehlo', 'genre': 'Fiction', 'isbn': '123545432543523'}
INFO 2025-04-17 13:13:09,896 views 68954 130550514165568 Loaded book mapping for tag 1: {'title': 'The Idiot', 'author': 'John Smith', 'genre': 'Technology', 'isbn': '9780123456789'}
INFO 2025-04-17 13:13:20,839 views 69045 129756824020800 Loaded book mapping for tag 0: {'title': 'The Alchemist', 'author': 'Paolo Coehlo', 'genre': 'Fiction', 'isbn': '123545432543523'}
INFO 2025-04-17 13:13:20,839 views 69045 129756824020800 Loaded book mapping for tag 1: {'title': 'The Idiot', 'author': 'John Smith', 'genre': 'Technology', 'isbn': '9780123456789'}
INFO 2025-04-17 13:13:50,987 views 69128 125983123547968 Loaded book mapping for tag 0: {'title': 'The Alchemist', 'author': 'Paolo Coehlo', 'genre': 'Fiction', 'isbn': '123545432543523'}
INFO 2025-04-17 13:13:50,987 views 69128 125983123547968 Loaded book mapping for tag 1: {'title': 'The Idiot', 'author': 'John Smith', 'genre': 'Technology', 'isbn': '9780123456789'}
INFO 2025-04-17 13:14:01,847 views 69202 131355610761024 Loaded book mapping for tag 0: {'title': 'The Alchemist', 'author': 'Paolo Coehlo', 'genre': 'Fiction', 'isbn': '123545432543523'}
INFO 2025-04-17 13:14:01,847 views 69202 131355610761024 Loaded book mapping for tag 1: {'title': 'The Idiot', 'author': 'John Smith', 'genre': 'Technology', 'isbn': '9780123456789'}
INFO 2025-04-17 13:14:39,191 views 69296 126376963823424 Loaded book mapping for tag 0: {'title': 'The Alchemist', 'author': 'Paolo Coehlo', 'genre': 'Fiction', 'isbn': '123545432543523'}
INFO 2025-04-17 13:14:39,191 views 69296 126376963823424 Loaded book mapping for tag 1: {'title': 'The Idiot', 'author': 'John Smith', 'genre': 'Technology', 'isbn': '9780123456789'}
INFO 2025-04-17 13:14:52,161 views 69379 123751628048192 Loaded book mapping for tag 0: {'title': 'The Alchemist', 'author': 'Paolo Coehlo', 'genre': 'Fiction', 'isbn': '123545432543523'}
INFO 2025-04-17 13:14:52,162 views 69379 123751628048192 Loaded book mapping for tag 1: {'title': 'The Idiot', 'author': 'John Smith', 'genre': 'Technology', 'isbn': '9780123456789'}
INFO 2025-04-17 13:15:01,380 cameras 69379 123744926303936 Found working camera at index 1
INFO 2025-04-17 13:15:01,849 cameras 69379 123744926303936 Successfully opened camera at index 1
INFO 2025-04-17 13:15:02,937 cameras 69379 123744926303936 Camera initialized successfully
INFO 2025-04-17 13:15:02,959 id_card_processor 69379 123744926303936 Using device: cuda
INFO 2025-04-17 13:15:35,870 id_card_processor 69379 123744926303936 Capture timer started
INFO 2025-04-17 13:15:40,939 id_card_processor 69379 123744926303936 Capture triggered
INFO 2025-04-17 13:15:40,943 id_card_processor 69379 123744926303936 Box coordinates set to: (96, 72, 448, 336)
INFO 2025-04-17 13:15:40,945 id_card_processor 69379 123744926303936 Images saved: /media/putu/EC42-8749/shaRD/librarain/media/id_cards/id_card_20250417_131540.jpg and /media/putu/EC42-8749/shaRD/librarain/media/id_cards/id_card_cropped_20250417_131540.jpg
INFO 2025-04-17 13:15:41,988 id_card_processor 69379 123744926303936 OCR completed successfully. Text saved to: /media/putu/EC42-8749/shaRD/librarain/media/id_cards/id_card_cropped_20250417_131540.txt
INFO 2025-04-17 13:15:41,989 id_card_processor 69379 123744926303936 Switched to face detection mode
INFO 2025-04-17 13:15:41,993 id_card_processor 69379 123744926303936 Capture timer started
INFO 2025-04-17 13:15:47,083 id_card_processor 69379 123744926303936 Capture triggered
INFO 2025-04-17 13:15:50,541 cameras 69379 123744926303936 Camera stopped and resources released
INFO 2025-04-17 13:15:50,542 cameras 69379 123744926303936 Camera stopped and resources released
ERROR 2025-04-17 13:16:06,551 views 69379 123744915818176 Error in admin dashboard: Cannot resolve keyword 'return_date' into field. Choices are: author, available, borrowedbook, cover_image, created_at, description, genre, id, isbn, last_detected, rating, tag_id, title, updated_at
ERROR 2025-04-17 13:16:23,625 views 69379 123744915818176 Error in admin dashboard: Cannot resolve keyword 'return_date' into field. Choices are: author, available, borrowedbook, cover_image, created_at, description, genre, id, isbn, last_detected, rating, tag_id, title, updated_at
INFO 2025-04-17 13:17:04,700 views 70384 134863962015552 Loaded book mapping for tag 0: {'title': 'The Alchemist', 'author': 'Paolo Coehlo', 'genre': 'Fiction', 'isbn': '123545432543523'}
INFO 2025-04-17 13:17:04,700 views 70384 134863962015552 Loaded book mapping for tag 1: {'title': 'The Idiot', 'author': 'John Smith', 'genre': 'Technology', 'isbn': '9780123456789'}
INFO 2025-04-17 13:17:20,561 views 70466 123598176995136 Loaded book mapping for tag 0: {'title': 'The Alchemist', 'author': 'Paolo Coehlo', 'genre': 'Fiction', 'isbn': '123545432543523'}
INFO 2025-04-17 13:17:20,561 views 70466 123598176995136 Loaded book mapping for tag 1: {'title': 'The Idiot', 'author': 'John Smith', 'genre': 'Technology', 'isbn': '9780123456789'}
ERROR 2025-04-17 13:17:35,267 views 70466 123591475594944 Error in admin dashboard: Cannot resolve keyword 'registration_date' into field. Choices are: borrowedbook, face_encoding, id, id_card_image, id_valid_until, idcarddetection, name, registered_at, student_id
INFO 2025-04-17 13:18:12,315 views 70667 130348381886272 Loaded book mapping for tag 0: {'title': 'The Alchemist', 'author': 'Paolo Coehlo', 'genre': 'Fiction', 'isbn': '123545432543523'}
INFO 2025-04-17 13:18:12,315 views 70667 130348381886272 Loaded book mapping for tag 1: {'title': 'The Idiot', 'author': 'John Smith', 'genre': 'Technology', 'isbn': '9780123456789'}
INFO 2025-04-17 13:18:23,167 views 70749 129412259862336 Loaded book mapping for tag 0: {'title': 'The Alchemist', 'author': 'Paolo Coehlo', 'genre': 'Fiction', 'isbn': '123545432543523'}
INFO 2025-04-17 13:18:23,167 views 70749 129412259862336 Loaded book mapping for tag 1: {'title': 'The Idiot', 'author': 'John Smith', 'genre': 'Technology', 'isbn': '9780123456789'}
INFO 2025-04-17 13:18:27,898 views 70805 128618214451008 Loaded book mapping for tag 0: {'title': 'The Alchemist', 'author': 'Paolo Coehlo', 'genre': 'Fiction', 'isbn': '123545432543523'}
INFO 2025-04-17 13:18:27,898 views 70805 128618214451008 Loaded book mapping for tag 1: {'title': 'The Idiot', 'author': 'John Smith', 'genre': 'Technology', 'isbn': '9780123456789'}
INFO 2025-04-17 13:19:05,838 cameras 70805 128611516417728 Found working camera at index 1
INFO 2025-04-17 13:19:06,307 cameras 70805 128611516417728 Successfully opened camera at index 1
INFO 2025-04-17 13:19:07,395 cameras 70805 128611516417728 Camera initialized successfully
INFO 2025-04-17 13:19:07,415 id_card_processor 70805 128611516417728 Using device: cuda
INFO 2025-04-17 13:19:13,798 id_card_processor 70805 128611516417728 Capture timer started
INFO 2025-04-17 13:19:18,867 id_card_processor 70805 128611516417728 Capture triggered
INFO 2025-04-17 13:19:18,871 id_card_processor 70805 128611516417728 Box coordinates set to: (96, 72, 448, 336)
INFO 2025-04-17 13:19:18,874 id_card_processor 70805 128611516417728 Images saved: /media/putu/EC42-8749/shaRD/librarain/media/id_cards/id_card_20250417_131918.jpg and /media/putu/EC42-8749/shaRD/librarain/media/id_cards/id_card_cropped_20250417_131918.jpg
INFO 2025-04-17 13:19:19,918 id_card_processor 70805 128611516417728 OCR completed successfully. Text saved to: /media/putu/EC42-8749/shaRD/librarain/media/id_cards/id_card_cropped_20250417_131918.txt
INFO 2025-04-17 13:19:19,920 id_card_processor 70805 128611516417728 Switched to face detection mode
INFO 2025-04-17 13:19:19,927 id_card_processor 70805 128611516417728 Capture timer started
INFO 2025-04-17 13:19:25,011 id_card_processor 70805 128611516417728 Capture triggered
INFO 2025-04-17 13:19:28,473 cameras 70805 128611516417728 Camera stopped and resources released
INFO 2025-04-17 13:19:28,473 cameras 70805 128611516417728 Camera stopped and resources released
INFO 2025-04-17 13:19:38,593 cameras 70805 128611505931968 Found working camera at index 1
INFO 2025-04-17 13:19:39,061 cameras 70805 128611505931968 Successfully opened camera at index 1
INFO 2025-04-17 13:19:40,148 cameras 70805 128611505931968 Camera initialized successfully
INFO 2025-04-17 13:19:40,148 id_card_processor 70805 128611505931968 Using device: cuda
INFO 2025-04-17 13:19:45,922 id_card_processor 70805 128611505931968 Capture timer started
INFO 2025-04-17 13:19:50,990 id_card_processor 70805 128611505931968 Capture triggered
INFO 2025-04-17 13:19:50,994 id_card_processor 70805 128611505931968 Box coordinates set to: (96, 72, 448, 336)
INFO 2025-04-17 13:19:50,995 id_card_processor 70805 128611505931968 Images saved: /media/putu/EC42-8749/shaRD/librarain/media/id_cards/id_card_20250417_131950.jpg and /media/putu/EC42-8749/shaRD/librarain/media/id_cards/id_card_cropped_20250417_131950.jpg
INFO 2025-04-17 13:19:51,582 id_card_processor 70805 128611505931968 OCR completed successfully. Text saved to: /media/putu/EC42-8749/shaRD/librarain/media/id_cards/id_card_cropped_20250417_131950.txt
INFO 2025-04-17 13:19:51,582 id_card_processor 70805 128611505931968 Switched to face detection mode
INFO 2025-04-17 13:19:51,586 id_card_processor 70805 128611505931968 Capture timer started
INFO 2025-04-17 13:19:56,594 id_card_processor 70805 128611505931968 Capture triggered
INFO 2025-04-17 13:20:00,716 cameras 70805 128611505931968 Camera stopped and resources released
INFO 2025-04-17 13:20:00,716 cameras 70805 128611505931968 Camera stopped and resources released
INFO 2025-04-17 13:20:21,977 cameras 70805 128611516417728 Found working camera at index 1
INFO 2025-04-17 13:20:22,445 cameras 70805 128611516417728 Successfully opened camera at index 1
INFO 2025-04-17 13:20:23,534 cameras 70805 128611516417728 Camera initialized successfully
INFO 2025-04-17 13:20:23,534 id_card_processor 70805 128611516417728 Using device: cuda
INFO 2025-04-17 13:20:28,519 id_card_processor 70805 128611516417728 Capture timer started
INFO 2025-04-17 13:20:33,527 id_card_processor 70805 128611516417728 Capture triggered
INFO 2025-04-17 13:20:33,530 id_card_processor 70805 128611516417728 Box coordinates set to: (96, 72, 448, 336)
INFO 2025-04-17 13:20:33,531 id_card_processor 70805 128611516417728 Images saved: /media/putu/EC42-8749/shaRD/librarain/media/id_cards/id_card_20250417_132033.jpg and /media/putu/EC42-8749/shaRD/librarain/media/id_cards/id_card_cropped_20250417_132033.jpg
INFO 2025-04-17 13:20:34,134 id_card_processor 70805 128611516417728 OCR completed successfully. Text saved to: /media/putu/EC42-8749/shaRD/librarain/media/id_cards/id_card_cropped_20250417_132033.txt
INFO 2025-04-17 13:20:34,134 id_card_processor 70805 128611516417728 Switched to face detection mode
INFO 2025-04-17 13:20:34,137 id_card_processor 70805 128611516417728 Capture timer started
INFO 2025-04-17 13:20:39,191 id_card_processor 70805 128611516417728 Capture triggered
INFO 2025-04-17 13:20:45,522 cameras 70805 128611516417728 Camera stopped and resources released
INFO 2025-04-17 13:20:45,522 cameras 70805 128611516417728 Camera stopped and resources released
INFO 2025-04-17 13:23:00,532 cameras 70805 128611505931968 Found working camera at index 1
INFO 2025-04-17 13:23:01,000 cameras 70805 128611505931968 Successfully opened camera at index 1
INFO 2025-04-17 13:23:02,088 cameras 70805 128611505931968 Camera initialized successfully
INFO 2025-04-17 13:23:02,088 id_card_processor 70805 128611505931968 Using device: cuda
INFO 2025-04-17 13:23:17,379 id_card_processor 70805 128611505931968 Capture timer started
INFO 2025-04-17 13:23:22,387 id_card_processor 70805 128611505931968 Capture triggered
INFO 2025-04-17 13:23:22,393 id_card_processor 70805 128611505931968 Box coordinates set to: (96, 72, 448, 336)
INFO 2025-04-17 13:23:22,397 id_card_processor 70805 128611505931968 Images saved: /media/putu/EC42-8749/shaRD/librarain/media/id_cards/id_card_20250417_132322.jpg and /media/putu/EC42-8749/shaRD/librarain/media/id_cards/id_card_cropped_20250417_132322.jpg
INFO 2025-04-17 13:23:22,986 id_card_processor 70805 128611505931968 OCR completed successfully. Text saved to: /media/putu/EC42-8749/shaRD/librarain/media/id_cards/id_card_cropped_20250417_132322.txt
INFO 2025-04-17 13:23:22,987 id_card_processor 70805 128611505931968 Switched to face detection mode
INFO 2025-04-17 13:23:22,990 id_card_processor 70805 128611505931968 Capture timer started
INFO 2025-04-17 13:23:28,054 id_card_processor 70805 128611505931968 Capture triggered
INFO 2025-04-17 13:23:39,804 cameras 70805 128611505931968 Camera stopped and resources released
INFO 2025-04-17 13:23:39,804 cameras 70805 128611505931968 Camera stopped and resources released
INFO 2025-04-17 13:23:48,439 cameras 70805 128611516417728 Found working camera at index 1
INFO 2025-04-17 13:23:48,909 cameras 70805 128611516417728 Successfully opened camera at index 1
INFO 2025-04-17 13:23:49,997 cameras 70805 128611516417728 Camera initialized successfully
INFO 2025-04-17 13:23:49,997 id_card_processor 70805 128611516417728 Using device: cuda
INFO 2025-04-17 13:24:06,104 id_card_processor 70805 128611516417728 Capture timer started
INFO 2025-04-17 13:24:11,172 id_card_processor 70805 128611516417728 Capture triggered
INFO 2025-04-17 13:24:11,177 id_card_processor 70805 128611516417728 Box coordinates set to: (96, 72, 448, 336)
INFO 2025-04-17 13:24:11,178 id_card_processor 70805 128611516417728 Images saved: /media/putu/EC42-8749/shaRD/librarain/media/id_cards/id_card_20250417_132411.jpg and /media/putu/EC42-8749/shaRD/librarain/media/id_cards/id_card_cropped_20250417_132411.jpg
INFO 2025-04-17 13:24:11,710 id_card_processor 70805 128611516417728 OCR completed successfully. Text saved to: /media/putu/EC42-8749/shaRD/librarain/media/id_cards/id_card_cropped_20250417_132411.txt
INFO 2025-04-17 13:24:11,710 id_card_processor 70805 128611516417728 Switched to face detection mode
INFO 2025-04-17 13:24:11,714 id_card_processor 70805 128611516417728 Capture timer started
INFO 2025-04-17 13:24:16,720 id_card_processor 70805 128611516417728 Capture triggered
INFO 2025-04-17 13:24:30,971 cameras 70805 128611516417728 Camera stopped and resources released
INFO 2025-04-17 13:24:30,971 cameras 70805 128611516417728 Camera stopped and resources released
INFO 2025-04-17 13:24:45,081 cameras 70805 128611505931968 Found working camera at index 1
INFO 2025-04-17 13:24:45,550 cameras 70805 128611505931968 Successfully opened camera at index 1
INFO 2025-04-17 13:24:46,638 cameras 70805 128611505931968 Camera initialized successfully
INFO 2025-04-17 13:24:46,638 id_card_processor 70805 128611505931968 Using device: cuda
INFO 2025-04-17 13:24:51,484 id_card_processor 70805 128611505931968 Capture timer started
INFO 2025-04-17 13:24:56,551 id_card_processor 70805 128611505931968 Capture triggered
INFO 2025-04-17 13:24:56,556 id_card_processor 70805 128611505931968 Box coordinates set to: (96, 72, 448, 336)
INFO 2025-04-17 13:24:56,558 id_card_processor 70805 128611505931968 Images saved: /media/putu/EC42-8749/shaRD/librarain/media/id_cards/id_card_20250417_132456.jpg and /media/putu/EC42-8749/shaRD/librarain/media/id_cards/id_card_cropped_20250417_132456.jpg
INFO 2025-04-17 13:24:57,137 id_card_processor 70805 128611505931968 OCR completed successfully. Text saved to: /media/putu/EC42-8749/shaRD/librarain/media/id_cards/id_card_cropped_20250417_132456.txt
INFO 2025-04-17 13:24:57,137 id_card_processor 70805 128611505931968 Switched to face detection mode
INFO 2025-04-17 13:24:57,140 id_card_processor 70805 128611505931968 Capture timer started
INFO 2025-04-17 13:25:02,216 id_card_processor 70805 128611505931968 Capture triggered
INFO 2025-04-17 13:25:02,336 id_card_processor 70805 128611505931968 Capture timer started
INFO 2025-04-17 13:25:07,343 id_card_processor 70805 128611505931968 Capture triggered
INFO 2025-04-17 13:25:11,942 cameras 70805 128611505931968 Camera stopped and resources released
INFO 2025-04-17 13:25:11,942 cameras 70805 128611505931968 Camera stopped and resources released
INFO 2025-04-17 13:25:48,075 views 74293 128436877272896 Loaded book mapping for tag 0: {'title': 'The Alchemist', 'author': 'Paolo Coehlo', 'genre': 'Fiction', 'isbn': '123545432543523'}
INFO 2025-04-17 13:25:48,075 views 74293 128436877272896 Loaded book mapping for tag 1: {'title': 'The Idiot', 'author': 'John Smith', 'genre': 'Technology', 'isbn': '9780123456789'}
INFO 2025-04-17 13:25:53,903 cameras 74293 128430177781440 Found working camera at index 1
INFO 2025-04-17 13:25:54,372 cameras 74293 128430177781440 Successfully opened camera at index 1
INFO 2025-04-17 13:25:55,458 cameras 74293 128430177781440 Camera initialized successfully
INFO 2025-04-17 13:25:55,479 id_card_processor 74293 128430177781440 Using device: cuda
INFO 2025-04-17 13:26:00,850 id_card_processor 74293 128430177781440 Capture timer started
INFO 2025-04-17 13:26:05,858 id_card_processor 74293 128430177781440 Capture triggered
INFO 2025-04-17 13:26:05,862 id_card_processor 74293 128430177781440 Box coordinates set to: (96, 72, 448, 336)
INFO 2025-04-17 13:26:05,864 id_card_processor 74293 128430177781440 Images saved: /media/putu/EC42-8749/shaRD/librarain/media/id_cards/id_card_20250417_132605.jpg and /media/putu/EC42-8749/shaRD/librarain/media/id_cards/id_card_cropped_20250417_132605.jpg
INFO 2025-04-17 13:26:07,146 id_card_processor 74293 128430177781440 OCR completed successfully. Text saved to: /media/putu/EC42-8749/shaRD/librarain/media/id_cards/id_card_cropped_20250417_132605.txt
INFO 2025-04-17 13:26:07,147 id_card_processor 74293 128430177781440 Switched to face detection mode
INFO 2025-04-17 13:26:07,150 id_card_processor 74293 128430177781440 Capture timer started
INFO 2025-04-17 13:26:12,238 id_card_processor 74293 128430177781440 Capture triggered
INFO 2025-04-17 13:26:15,584 cameras 74293 128430177781440 Camera stopped and resources released
INFO 2025-04-17 13:26:15,584 cameras 74293 128430177781440 Camera stopped and resources released
INFO 2025-04-17 13:26:28,364 cameras 74293 128430167295680 Found working camera at index 1
INFO 2025-04-17 13:26:28,833 cameras 74293 128430167295680 Successfully opened camera at index 1
INFO 2025-04-17 13:26:29,920 cameras 74293 128430167295680 Camera initialized successfully
INFO 2025-04-17 13:26:29,921 id_card_processor 74293 128430167295680 Using device: cuda
INFO 2025-04-17 13:26:34,396 id_card_processor 74293 128430167295680 Capture timer started
INFO 2025-04-17 13:26:39,444 id_card_processor 74293 128430167295680 Capture triggered
INFO 2025-04-17 13:26:39,448 id_card_processor 74293 128430167295680 Box coordinates set to: (96, 72, 448, 336)
INFO 2025-04-17 13:26:39,450 id_card_processor 74293 128430167295680 Images saved: /media/putu/EC42-8749/shaRD/librarain/media/id_cards/id_card_20250417_132639.jpg and /media/putu/EC42-8749/shaRD/librarain/media/id_cards/id_card_cropped_20250417_132639.jpg
INFO 2025-04-17 13:26:40,056 id_card_processor 74293 128430167295680 OCR completed successfully. Text saved to: /media/putu/EC42-8749/shaRD/librarain/media/id_cards/id_card_cropped_20250417_132639.txt
INFO 2025-04-17 13:26:40,056 id_card_processor 74293 128430167295680 Switched to face detection mode
INFO 2025-04-17 13:26:40,060 id_card_processor 74293 128430167295680 Capture timer started
INFO 2025-04-17 13:26:45,136 id_card_processor 74293 128430167295680 Capture triggered
INFO 2025-04-17 13:27:48,102 cameras 74293 128430167295680 Camera stopped and resources released
INFO 2025-04-17 13:27:48,102 cameras 74293 128430167295680 Camera stopped and resources released
INFO 2025-04-17 13:27:49,203 cameras 74293 128430177781440 Found working camera at index 1
INFO 2025-04-17 13:27:49,674 cameras 74293 128430177781440 Successfully opened camera at index 1
INFO 2025-04-17 13:27:50,762 cameras 74293 128430177781440 Camera initialized successfully
INFO 2025-04-17 13:27:50,762 id_card_processor 74293 128430177781440 Using device: cuda
INFO 2025-04-17 13:27:56,522 id_card_processor 74293 128430177781440 Capture timer started
INFO 2025-04-17 13:28:01,530 id_card_processor 74293 128430177781440 Capture triggered
INFO 2025-04-17 13:28:01,535 id_card_processor 74293 128430177781440 Box coordinates set to: (96, 72, 448, 336)
INFO 2025-04-17 13:28:01,536 id_card_processor 74293 128430177781440 Images saved: /media/putu/EC42-8749/shaRD/librarain/media/id_cards/id_card_20250417_132801.jpg and /media/putu/EC42-8749/shaRD/librarain/media/id_cards/id_card_cropped_20250417_132801.jpg
INFO 2025-04-17 13:28:02,126 id_card_processor 74293 128430177781440 OCR completed successfully. Text saved to: /media/putu/EC42-8749/shaRD/librarain/media/id_cards/id_card_cropped_20250417_132801.txt
INFO 2025-04-17 13:28:02,127 id_card_processor 74293 128430177781440 Switched to face detection mode
INFO 2025-04-17 13:28:02,131 id_card_processor 74293 128430177781440 Capture timer started
INFO 2025-04-17 13:28:07,137 id_card_processor 74293 128430177781440 Capture triggered
INFO 2025-04-17 13:28:48,105 cameras 74293 128430177781440 Camera stopped and resources released
INFO 2025-04-17 13:28:48,105 cameras 74293 128430177781440 Camera stopped and resources released
INFO 2025-04-17 13:29:43,602 cameras 74293 128430167295680 Found working camera at index 1
INFO 2025-04-17 13:29:44,072 cameras 74293 128430167295680 Successfully opened camera at index 1
INFO 2025-04-17 13:29:45,159 cameras 74293 128430167295680 Camera initialized successfully
INFO 2025-04-17 13:29:45,159 id_card_processor 74293 128430167295680 Using device: cuda
INFO 2025-04-17 13:29:50,291 id_card_processor 74293 128430167295680 Capture timer started
INFO 2025-04-17 13:29:55,299 id_card_processor 74293 128430167295680 Capture triggered
INFO 2025-04-17 13:29:55,304 id_card_processor 74293 128430167295680 Box coordinates set to: (96, 72, 448, 336)
INFO 2025-04-17 13:29:55,307 id_card_processor 74293 128430167295680 Images saved: /media/putu/EC42-8749/shaRD/librarain/media/id_cards/id_card_20250417_132955.jpg and /media/putu/EC42-8749/shaRD/librarain/media/id_cards/id_card_cropped_20250417_132955.jpg
INFO 2025-04-17 13:29:55,826 id_card_processor 74293 128430167295680 OCR completed successfully. Text saved to: /media/putu/EC42-8749/shaRD/librarain/media/id_cards/id_card_cropped_20250417_132955.txt
INFO 2025-04-17 13:29:55,826 id_card_processor 74293 128430167295680 Switched to face detection mode
INFO 2025-04-17 13:29:55,829 id_card_processor 74293 128430167295680 Capture timer started
INFO 2025-04-17 13:30:00,847 id_card_processor 74293 128430167295680 Capture triggered
INFO 2025-04-17 13:30:00,969 cameras 74293 128430167295680 Camera stopped and resources released
INFO 2025-04-17 13:30:00,970 cameras 74293 128430167295680 Camera stopped and resources released
INFO 2025-04-17 13:30:04,205 cameras 74293 128428133058240 Found working camera at index 1
INFO 2025-04-17 13:30:04,674 cameras 74293 128428133058240 Successfully opened camera at index 1
INFO 2025-04-17 13:30:05,761 cameras 74293 128428133058240 Camera initialized successfully
INFO 2025-04-17 13:30:05,762 id_card_processor 74293 128428133058240 Using device: cuda
INFO 2025-04-17 13:30:10,573 id_card_processor 74293 128428133058240 Capture timer started
INFO 2025-04-17 13:30:15,581 id_card_processor 74293 128428133058240 Capture triggered
INFO 2025-04-17 13:30:15,586 id_card_processor 74293 128428133058240 Box coordinates set to: (96, 72, 448, 336)
INFO 2025-04-17 13:30:15,588 id_card_processor 74293 128428133058240 Images saved: /media/putu/EC42-8749/shaRD/librarain/media/id_cards/id_card_20250417_133015.jpg and /media/putu/EC42-8749/shaRD/librarain/media/id_cards/id_card_cropped_20250417_133015.jpg
INFO 2025-04-17 13:30:19,057 id_card_processor 74293 128428133058240 OCR completed successfully. Text saved to: /media/putu/EC42-8749/shaRD/librarain/media/id_cards/id_card_cropped_20250417_133015.txt
INFO 2025-04-17 13:30:19,057 id_card_processor 74293 128428133058240 Switched to face detection mode
INFO 2025-04-17 13:30:19,060 id_card_processor 74293 128428133058240 Capture timer started
INFO 2025-04-17 13:30:19,064 cameras 74293 128428133058240 Camera stopped and resources released
INFO 2025-04-17 13:30:19,064 cameras 74293 128428133058240 Camera stopped and resources released
INFO 2025-04-17 13:30:20,707 cameras 74293 128430167295680 Found working camera at index 1
INFO 2025-04-17 13:30:21,178 cameras 74293 128430167295680 Successfully opened camera at index 1
INFO 2025-04-17 13:30:22,266 cameras 74293 128430167295680 Camera initialized successfully
INFO 2025-04-17 13:30:22,267 id_card_processor 74293 128430167295680 Using device: cuda
INFO 2025-04-17 13:30:27,334 id_card_processor 74293 128430167295680 Capture timer started
INFO 2025-04-17 13:30:32,401 id_card_processor 74293 128430167295680 Capture triggered
INFO 2025-04-17 13:30:32,406 id_card_processor 74293 128430167295680 Box coordinates set to: (96, 72, 448, 336)
INFO 2025-04-17 13:30:32,407 id_card_processor 74293 128430167295680 Images saved: /media/putu/EC42-8749/shaRD/librarain/media/id_cards/id_card_20250417_133032.jpg and /media/putu/EC42-8749/shaRD/librarain/media/id_cards/id_card_cropped_20250417_133032.jpg
INFO 2025-04-17 13:30:32,981 id_card_processor 74293 128430167295680 OCR completed successfully. Text saved to: /media/putu/EC42-8749/shaRD/librarain/media/id_cards/id_card_cropped_20250417_133032.txt
INFO 2025-04-17 13:30:32,981 id_card_processor 74293 128430167295680 Switched to face detection mode
INFO 2025-04-17 13:30:32,984 id_card_processor 74293 128430167295680 Capture timer started
INFO 2025-04-17 13:30:38,065 id_card_processor 74293 128430167295680 Capture triggered
INFO 2025-04-17 13:30:38,185 id_card_processor 74293 128430167295680 Capture timer started
INFO 2025-04-17 13:30:43,253 id_card_processor 74293 128430167295680 Capture triggered
INFO 2025-04-17 13:30:43,373 id_card_processor 74293 128430167295680 Capture timer started
INFO 2025-04-17 13:30:48,381 id_card_processor 74293 128430167295680 Capture triggered
INFO 2025-04-17 13:30:48,501 id_card_processor 74293 128430167295680 Capture timer started
INFO 2025-04-17 13:30:53,569 id_card_processor 74293 128430167295680 Capture triggered
ERROR 2025-04-17 13:30:58,699 utils 74293 128428133058240 Error in Camera initialization: No cameras found. Please check your camera connection and permissions.
ERROR 2025-04-17 13:30:58,699 utils 74293 128428133058240 Error in Creating camera of type borrow: Error in Camera initialization: No cameras found. Please check your camera connection and permissions.
ERROR 2025-04-17 13:30:58,699 utils 74293 128428133058240 Error in Camera feed: Error in Creating camera of type borrow: Error in Camera initialization: No cameras found. Please check your camera connection and permissions.
INFO 2025-04-17 13:30:58,701 cameras 74293 128428133058240 Camera stopped and resources released
INFO 2025-04-17 13:31:12,775 cameras 74293 128430167295680 Camera stopped and resources released
INFO 2025-04-17 13:31:12,775 cameras 74293 128430167295680 Camera stopped and resources released
INFO 2025-04-17 13:31:15,436 cameras 74293 128430177781440 Found working camera at index 1
INFO 2025-04-17 13:31:15,909 cameras 74293 128430177781440 Successfully opened camera at index 1
INFO 2025-04-17 13:31:16,996 cameras 74293 128430177781440 Camera initialized successfully
INFO 2025-04-17 13:31:16,997 id_card_processor 74293 128430177781440 Using device: cuda
INFO 2025-04-17 13:31:22,253 id_card_processor 74293 128430177781440 Capture timer started
INFO 2025-04-17 13:31:27,320 id_card_processor 74293 128430177781440 Capture triggered
INFO 2025-04-17 13:31:27,324 id_card_processor 74293 128430177781440 Box coordinates set to: (96, 72, 448, 336)
INFO 2025-04-17 13:31:27,326 id_card_processor 74293 128430177781440 Images saved: /media/putu/EC42-8749/shaRD/librarain/media/id_cards/id_card_20250417_133127.jpg and /media/putu/EC42-8749/shaRD/librarain/media/id_cards/id_card_cropped_20250417_133127.jpg
INFO 2025-04-17 13:31:27,919 id_card_processor 74293 128430177781440 OCR completed successfully. Text saved to: /media/putu/EC42-8749/shaRD/librarain/media/id_cards/id_card_cropped_20250417_133127.txt
INFO 2025-04-17 13:31:27,919 id_card_processor 74293 128430177781440 Switched to face detection mode
INFO 2025-04-17 13:31:27,922 id_card_processor 74293 128430177781440 Capture timer started
INFO 2025-04-17 13:31:32,984 id_card_processor 74293 128430177781440 Capture triggered
INFO 2025-04-17 13:31:33,104 id_card_processor 74293 128430177781440 Capture timer started
INFO 2025-04-17 13:31:38,108 id_card_processor 74293 128430177781440 Capture triggered
INFO 2025-04-17 13:31:38,177 id_card_processor 74293 128430177781440 Capture timer started
INFO 2025-04-17 13:31:43,204 id_card_processor 74293 128430177781440 Capture triggered
INFO 2025-04-17 13:31:43,278 id_card_processor 74293 128430177781440 Capture timer started
INFO 2025-04-17 13:31:47,753 cameras 74293 128430177781440 Camera stopped and resources released
INFO 2025-04-17 13:31:47,753 cameras 74293 128430177781440 Camera stopped and resources released
INFO 2025-04-17 13:31:49,703 cameras 74293 128430167295680 Found working camera at index 1
INFO 2025-04-17 13:31:50,066 cameras 74293 128430167295680 Successfully opened camera at index 1
INFO 2025-04-17 13:31:51,154 cameras 74293 128430167295680 Camera initialized successfully
INFO 2025-04-17 13:31:51,154 id_card_processor 74293 128430167295680 Using device: cuda
INFO 2025-04-17 13:31:55,803 id_card_processor 74293 128430167295680 Capture timer started
INFO 2025-04-17 13:32:00,831 id_card_processor 74293 128430167295680 Capture triggered
INFO 2025-04-17 13:32:00,836 id_card_processor 74293 128430167295680 Box coordinates set to: (96, 72, 448, 336)
INFO 2025-04-17 13:32:00,838 id_card_processor 74293 128430167295680 Images saved: /media/putu/EC42-8749/shaRD/librarain/media/id_cards/id_card_20250417_133200.jpg and /media/putu/EC42-8749/shaRD/librarain/media/id_cards/id_card_cropped_20250417_133200.jpg
INFO 2025-04-17 13:32:01,429 id_card_processor 74293 128430167295680 OCR completed successfully. Text saved to: /media/putu/EC42-8749/shaRD/librarain/media/id_cards/id_card_cropped_20250417_133200.txt
INFO 2025-04-17 13:32:01,429 id_card_processor 74293 128430167295680 Switched to face detection mode
INFO 2025-04-17 13:32:01,433 id_card_processor 74293 128430167295680 Capture timer started
INFO 2025-04-17 13:32:06,470 id_card_processor 74293 128430167295680 Capture triggered
INFO 2025-04-17 13:32:06,591 id_card_processor 74293 128430167295680 Capture timer started
INFO 2025-04-17 13:32:11,658 id_card_processor 74293 128430167295680 Capture triggered
INFO 2025-04-17 13:32:11,778 id_card_processor 74293 128430167295680 Capture timer started
INFO 2025-04-17 13:32:16,787 id_card_processor 74293 128430167295680 Capture triggered
INFO 2025-04-17 13:33:00,293 views 78388 129501540210496 Loaded book mapping for tag 0: {'title': 'The Alchemist', 'author': 'Paolo Coehlo', 'genre': 'Fiction', 'isbn': '123545432543523'}
INFO 2025-04-17 13:33:00,293 views 78388 129501540210496 Loaded book mapping for tag 1: {'title': 'The Idiot', 'author': 'John Smith', 'genre': 'Technology', 'isbn': '9780123456789'}
INFO 2025-04-17 13:33:11,724 cameras 78388 129494828451520 Found working camera at index 1
INFO 2025-04-17 13:33:12,194 cameras 78388 129494828451520 Successfully opened camera at index 1
INFO 2025-04-17 13:33:13,281 cameras 78388 129494828451520 Camera initialized successfully
INFO 2025-04-17 13:33:13,300 id_card_processor 78388 129494828451520 Using device: cuda
INFO 2025-04-17 13:33:18,965 id_card_processor 78388 129494828451520 Capture timer started
INFO 2025-04-17 13:33:23,970 id_card_processor 78388 129494828451520 Capture triggered
INFO 2025-04-17 13:33:23,976 id_card_processor 78388 129494828451520 Box coordinates set to: (96, 72, 448, 336)
INFO 2025-04-17 13:33:23,977 id_card_processor 78388 129494828451520 Images saved: /media/putu/EC42-8749/shaRD/librarain/media/id_cards/id_card_20250417_133323.jpg and /media/putu/EC42-8749/shaRD/librarain/media/id_cards/id_card_cropped_20250417_133323.jpg
INFO 2025-04-17 13:33:25,144 id_card_processor 78388 129494828451520 OCR completed successfully. Text saved to: /media/putu/EC42-8749/shaRD/librarain/media/id_cards/id_card_cropped_20250417_133323.txt
INFO 2025-04-17 13:33:25,144 id_card_processor 78388 129494828451520 Switched to face detection mode
INFO 2025-04-17 13:33:25,148 id_card_processor 78388 129494828451520 Capture timer started
INFO 2025-04-17 13:33:30,150 id_card_processor 78388 129494828451520 Capture triggered
INFO 2025-04-17 13:34:34,017 cameras 78388 129494828451520 Camera stopped and resources released
INFO 2025-04-17 13:34:34,018 cameras 78388 129494828451520 Camera stopped and resources released
INFO 2025-04-17 13:34:35,373 cameras 78388 129491573671616 Found working camera at index 1
INFO 2025-04-17 13:34:35,843 cameras 78388 129491573671616 Successfully opened camera at index 1
INFO 2025-04-17 13:34:36,930 cameras 78388 129491573671616 Camera initialized successfully
INFO 2025-04-17 13:34:36,930 id_card_processor 78388 129491573671616 Using device: cuda
INFO 2025-04-17 13:34:43,022 id_card_processor 78388 129491573671616 Capture timer started
INFO 2025-04-17 13:34:48,090 id_card_processor 78388 129491573671616 Capture triggered
INFO 2025-04-17 13:34:48,095 id_card_processor 78388 129491573671616 Box coordinates set to: (96, 72, 448, 336)
INFO 2025-04-17 13:34:48,096 id_card_processor 78388 129491573671616 Images saved: /media/putu/EC42-8749/shaRD/librarain/media/id_cards/id_card_20250417_133448.jpg and /media/putu/EC42-8749/shaRD/librarain/media/id_cards/id_card_cropped_20250417_133448.jpg
INFO 2025-04-17 13:34:48,708 id_card_processor 78388 129491573671616 OCR completed successfully. Text saved to: /media/putu/EC42-8749/shaRD/librarain/media/id_cards/id_card_cropped_20250417_133448.txt
INFO 2025-04-17 13:34:48,708 id_card_processor 78388 129491573671616 Switched to face detection mode
INFO 2025-04-17 13:34:48,712 id_card_processor 78388 129491573671616 Capture timer started
INFO 2025-04-17 13:34:53,644 cameras 78388 129491573671616 Camera stopped and resources released
INFO 2025-04-17 13:34:53,644 cameras 78388 129491573671616 Camera stopped and resources released
INFO 2025-04-17 13:35:32,232 cameras 78388 129494838937280 Found working camera at index 1
INFO 2025-04-17 13:35:32,701 cameras 78388 129494838937280 Successfully opened camera at index 1
INFO 2025-04-17 13:35:33,788 cameras 78388 129494838937280 Camera initialized successfully
INFO 2025-04-17 13:35:33,788 id_card_processor 78388 129494838937280 Using device: cuda
INFO 2025-04-17 13:35:40,579 id_card_processor 78388 129494838937280 Capture timer started
INFO 2025-04-17 13:35:45,587 id_card_processor 78388 129494838937280 Capture triggered
INFO 2025-04-17 13:35:45,591 id_card_processor 78388 129494838937280 Box coordinates set to: (96, 72, 448, 336)
INFO 2025-04-17 13:35:45,593 id_card_processor 78388 129494838937280 Images saved: /media/putu/EC42-8749/shaRD/librarain/media/id_cards/id_card_20250417_133545.jpg and /media/putu/EC42-8749/shaRD/librarain/media/id_cards/id_card_cropped_20250417_133545.jpg
INFO 2025-04-17 13:35:46,236 id_card_processor 78388 129494838937280 OCR completed successfully. Text saved to: /media/putu/EC42-8749/shaRD/librarain/media/id_cards/id_card_cropped_20250417_133545.txt
INFO 2025-04-17 13:35:46,236 id_card_processor 78388 129494838937280 Switched to face detection mode
INFO 2025-04-17 13:35:46,239 id_card_processor 78388 129494838937280 Capture timer started
INFO 2025-04-17 13:35:51,291 id_card_processor 78388 129494838937280 Capture triggered
INFO 2025-04-17 13:36:20,934 cameras 78388 129494838937280 Camera stopped and resources released
INFO 2025-04-17 13:36:20,934 cameras 78388 129494838937280 Camera stopped and resources released
INFO 2025-04-17 13:36:21,809 cameras 78388 129491573671616 Found working camera at index 1
INFO 2025-04-17 13:36:22,280 cameras 78388 129491573671616 Successfully opened camera at index 1
INFO 2025-04-17 13:36:23,369 cameras 78388 129491573671616 Camera initialized successfully
INFO 2025-04-17 13:36:23,369 id_card_processor 78388 129491573671616 Using device: cuda
INFO 2025-04-17 13:36:28,165 id_card_processor 78388 129491573671616 Capture timer started
INFO 2025-04-17 13:36:33,233 id_card_processor 78388 129491573671616 Capture triggered
INFO 2025-04-17 13:36:33,238 id_card_processor 78388 129491573671616 Box coordinates set to: (96, 72, 448, 336)
INFO 2025-04-17 13:36:33,240 id_card_processor 78388 129491573671616 Images saved: /media/putu/EC42-8749/shaRD/librarain/media/id_cards/id_card_20250417_133633.jpg and /media/putu/EC42-8749/shaRD/librarain/media/id_cards/id_card_cropped_20250417_133633.jpg
INFO 2025-04-17 13:36:33,834 id_card_processor 78388 129491573671616 OCR completed successfully. Text saved to: /media/putu/EC42-8749/shaRD/librarain/media/id_cards/id_card_cropped_20250417_133633.txt
INFO 2025-04-17 13:36:33,834 id_card_processor 78388 129491573671616 Switched to face detection mode
INFO 2025-04-17 13:36:33,837 id_card_processor 78388 129491573671616 Capture timer started
INFO 2025-04-17 13:36:38,897 id_card_processor 78388 129491573671616 Capture triggered
INFO 2025-04-17 13:37:05,939 cameras 78388 129491573671616 Camera stopped and resources released
INFO 2025-04-17 13:37:05,940 cameras 78388 129491573671616 Camera stopped and resources released
INFO 2025-04-17 13:37:07,207 cameras 78388 129494838937280 Found working camera at index 1
INFO 2025-04-17 13:37:07,571 cameras 78388 129494838937280 Successfully opened camera at index 1
INFO 2025-04-17 13:37:08,658 cameras 78388 129494838937280 Camera initialized successfully
INFO 2025-04-17 13:37:08,659 id_card_processor 78388 129494838937280 Using device: cuda
INFO 2025-04-17 13:37:14,167 id_card_processor 78388 129494838937280 Capture timer started
INFO 2025-04-17 13:37:19,231 id_card_processor 78388 129494838937280 Capture triggered
INFO 2025-04-17 13:37:19,236 id_card_processor 78388 129494838937280 Box coordinates set to: (96, 72, 448, 336)
INFO 2025-04-17 13:37:19,238 id_card_processor 78388 129494838937280 Images saved: /media/putu/EC42-8749/shaRD/librarain/media/id_cards/id_card_20250417_133719.jpg and /media/putu/EC42-8749/shaRD/librarain/media/id_cards/id_card_cropped_20250417_133719.jpg
INFO 2025-04-17 13:37:19,918 id_card_processor 78388 129494838937280 OCR completed successfully. Text saved to: /media/putu/EC42-8749/shaRD/librarain/media/id_cards/id_card_cropped_20250417_133719.txt
INFO 2025-04-17 13:37:19,918 id_card_processor 78388 129494838937280 Switched to face detection mode
INFO 2025-04-17 13:37:19,922 id_card_processor 78388 129494838937280 Capture timer started
INFO 2025-04-17 13:37:24,944 id_card_processor 78388 129494838937280 Capture triggered
INFO 2025-04-17 13:37:52,199 cameras 78388 129494838937280 Camera stopped and resources released
INFO 2025-04-17 13:37:52,199 cameras 78388 129494838937280 Camera stopped and resources released
INFO 2025-04-17 13:37:53,284 cameras 78388 129491573671616 Found working camera at index 1
INFO 2025-04-17 13:37:53,755 cameras 78388 129491573671616 Successfully opened camera at index 1
INFO 2025-04-17 13:37:54,843 cameras 78388 129491573671616 Camera initialized successfully
INFO 2025-04-17 13:37:54,843 id_card_processor 78388 129491573671616 Using device: cuda
INFO 2025-04-17 13:37:59,562 id_card_processor 78388 129491573671616 Capture timer started
INFO 2025-04-17 13:38:04,630 id_card_processor 78388 129491573671616 Capture triggered
INFO 2025-04-17 13:38:04,634 id_card_processor 78388 129491573671616 Box coordinates set to: (96, 72, 448, 336)
INFO 2025-04-17 13:38:04,635 id_card_processor 78388 129491573671616 Images saved: /media/putu/EC42-8749/shaRD/librarain/media/id_cards/id_card_20250417_133804.jpg and /media/putu/EC42-8749/shaRD/librarain/media/id_cards/id_card_cropped_20250417_133804.jpg
INFO 2025-04-17 13:38:05,441 id_card_processor 78388 129491573671616 OCR completed successfully. Text saved to: /media/putu/EC42-8749/shaRD/librarain/media/id_cards/id_card_cropped_20250417_133804.txt
INFO 2025-04-17 13:38:05,442 id_card_processor 78388 129491573671616 Switched to face detection mode
INFO 2025-04-17 13:38:05,445 id_card_processor 78388 129491573671616 Capture timer started
INFO 2025-04-17 13:38:10,490 id_card_processor 78388 129491573671616 Capture triggered
INFO 2025-04-17 13:38:25,326 cameras 78388 129491573671616 Camera stopped and resources released
INFO 2025-04-17 13:38:25,326 cameras 78388 129491573671616 Camera stopped and resources released
INFO 2025-04-17 13:38:26,806 cameras 78388 129494838937280 Found working camera at index 1
INFO 2025-04-17 13:38:27,170 cameras 78388 129494838937280 Successfully opened camera at index 1
INFO 2025-04-17 13:38:28,257 cameras 78388 129494838937280 Camera initialized successfully
INFO 2025-04-17 13:38:28,258 id_card_processor 78388 129494838937280 Using device: cuda
INFO 2025-04-17 13:38:32,918 id_card_processor 78388 129494838937280 Capture timer started
INFO 2025-04-17 13:38:37,946 id_card_processor 78388 129494838937280 Capture triggered
INFO 2025-04-17 13:38:37,950 id_card_processor 78388 129494838937280 Box coordinates set to: (96, 72, 448, 336)
INFO 2025-04-17 13:38:37,952 id_card_processor 78388 129494838937280 Images saved: /media/putu/EC42-8749/shaRD/librarain/media/id_cards/id_card_20250417_133837.jpg and /media/putu/EC42-8749/shaRD/librarain/media/id_cards/id_card_cropped_20250417_133837.jpg
INFO 2025-04-17 13:38:38,615 id_card_processor 78388 129494838937280 OCR completed successfully. Text saved to: /media/putu/EC42-8749/shaRD/librarain/media/id_cards/id_card_cropped_20250417_133837.txt
INFO 2025-04-17 13:38:38,615 id_card_processor 78388 129494838937280 Switched to face detection mode
INFO 2025-04-17 13:38:38,619 id_card_processor 78388 129494838937280 Capture timer started
INFO 2025-04-17 13:38:43,638 id_card_processor 78388 129494838937280 Capture triggered
INFO 2025-04-17 13:39:15,602 views 81610 123559085094720 Loaded book mapping for tag 0: {'title': 'The Alchemist', 'author': 'Paolo Coehlo', 'genre': 'Fiction', 'isbn': '123545432543523'}
INFO 2025-04-17 13:39:15,602 views 81610 123559085094720 Loaded book mapping for tag 1: {'title': 'The Idiot', 'author': 'John Smith', 'genre': 'Technology', 'isbn': '9780123456789'}
INFO 2025-04-17 13:47:12,740 views 84116 129861900216128 Loaded book mapping for tag 0: {'title': 'The Alchemist', 'author': 'Paolo Coehlo', 'genre': 'Fiction', 'isbn': '123545432543523'}
INFO 2025-04-17 13:47:12,740 views 84116 129861900216128 Loaded book mapping for tag 1: {'title': 'The Idiot', 'author': 'John Smith', 'genre': 'Technology', 'isbn': '9780123456789'}
INFO 2025-04-17 13:47:19,798 cameras 84116 129855198856896 Found working camera at index 1
INFO 2025-04-17 13:47:20,267 cameras 84116 129855198856896 Successfully opened camera at index 1
INFO 2025-04-17 13:47:21,354 cameras 84116 129855198856896 Camera initialized successfully
INFO 2025-04-17 13:47:21,373 id_card_processor 84116 129855198856896 Using device: cuda
INFO 2025-04-17 13:47:28,165 id_card_processor 84116 129855198856896 Capture timer started
INFO 2025-04-17 13:47:33,174 id_card_processor 84116 129855198856896 Capture triggered
INFO 2025-04-17 13:47:33,178 id_card_processor 84116 129855198856896 Box coordinates set to: (96, 72, 448, 336)
INFO 2025-04-17 13:47:33,180 id_card_processor 84116 129855198856896 Images saved: /media/putu/EC42-8749/shaRD/librarain/media/id_cards/id_card_20250417_134733.jpg and /media/putu/EC42-8749/shaRD/librarain/media/id_cards/id_card_cropped_20250417_134733.jpg
INFO 2025-04-17 13:47:34,452 id_card_processor 84116 129855198856896 OCR completed successfully. Text saved to: /media/putu/EC42-8749/shaRD/librarain/media/id_cards/id_card_cropped_20250417_134733.txt
INFO 2025-04-17 13:47:34,453 id_card_processor 84116 129855198856896 Switched to face detection mode
INFO 2025-04-17 13:47:34,458 id_card_processor 84116 129855198856896 Capture timer started
INFO 2025-04-17 13:47:39,554 id_card_processor 84116 129855198856896 Capture triggered
INFO 2025-04-17 13:47:39,920 cameras 84116 129855198856896 Camera stopped and resources released
INFO 2025-04-17 13:47:39,920 cameras 84116 129855198856896 Camera stopped and resources released
INFO 2025-04-17 13:51:11,606 views 85807 127940795262784 Loaded book mapping for tag 0: {'title': 'The Alchemist', 'author': 'Paolo Coehlo', 'genre': 'Fiction', 'isbn': '123545432543523'}
INFO 2025-04-17 13:51:11,606 views 85807 127940795262784 Loaded book mapping for tag 1: {'title': 'The Idiot', 'author': 'John Smith', 'genre': 'Technology', 'isbn': '9780123456789'}
INFO 2025-04-17 13:51:18,459 views 85909 136550409656128 Loaded book mapping for tag 0: {'title': 'The Alchemist', 'author': 'Paolo Coehlo', 'genre': 'Fiction', 'isbn': '123545432543523'}
INFO 2025-04-17 13:51:18,459 views 85909 136550409656128 Loaded book mapping for tag 1: {'title': 'The Idiot', 'author': 'John Smith', 'genre': 'Technology', 'isbn': '9780123456789'}
INFO 2025-04-17 13:51:50,223 cameras 85909 136543708645056 Found working camera at index 1
INFO 2025-04-17 13:51:50,692 cameras 85909 136543708645056 Successfully opened camera at index 1
INFO 2025-04-17 13:51:51,778 cameras 85909 136543708645056 Camera initialized successfully
ERROR 2025-04-17 13:51:52,315 utils 85909 136543708645056 Error in Getting frame in student login camera: Cannot resolve keyword 'face_encoding' into field. Choices are: date_joined, email, first_name, groups, id, is_active, is_staff, is_superuser, last_login, last_name, logentry, password, user_permissions, username
INFO 2025-04-17 13:51:52,316 cameras 85909 136543708645056 Camera stopped and resources released
INFO 2025-04-17 13:51:52,316 cameras 85909 136543708645056 Camera stopped and resources released
INFO 2025-04-17 13:52:01,311 cameras 85909 136543698159296 Found working camera at index 1
INFO 2025-04-17 13:52:01,779 cameras 85909 136543698159296 Successfully opened camera at index 1
INFO 2025-04-17 13:52:02,866 cameras 85909 136543698159296 Camera initialized successfully
ERROR 2025-04-17 13:52:03,392 utils 85909 136543698159296 Error in Getting frame in student login camera: Cannot resolve keyword 'face_encoding' into field. Choices are: date_joined, email, first_name, groups, id, is_active, is_staff, is_superuser, last_login, last_name, logentry, password, user_permissions, username
INFO 2025-04-17 13:52:03,393 cameras 85909 136543698159296 Camera stopped and resources released
INFO 2025-04-17 13:52:03,393 cameras 85909 136543698159296 Camera stopped and resources released
INFO 2025-04-17 13:52:07,283 cameras 85909 136543708645056 Found working camera at index 1
INFO 2025-04-17 13:52:07,753 cameras 85909 136543708645056 Successfully opened camera at index 1
INFO 2025-04-17 13:52:08,839 cameras 85909 136543708645056 Camera initialized successfully
INFO 2025-04-17 13:52:08,859 id_card_processor 85909 136543708645056 Using device: cuda
INFO 2025-04-17 13:52:14,778 id_card_processor 85909 136543708645056 Capture timer started
INFO 2025-04-17 13:52:17,884 cameras 85909 136543708645056 Camera stopped and resources released
INFO 2025-04-17 13:52:17,885 cameras 85909 136543708645056 Camera stopped and resources released
INFO 2025-04-17 13:52:26,098 views 86362 128669416986432 Loaded book mapping for tag 0: {'title': 'The Alchemist', 'author': 'Paolo Coehlo', 'genre': 'Fiction', 'isbn': '123545432543523'}
INFO 2025-04-17 13:52:26,098 views 86362 128669416986432 Loaded book mapping for tag 1: {'title': 'The Idiot', 'author': 'John Smith', 'genre': 'Technology', 'isbn': '9780123456789'}
INFO 2025-04-17 13:52:30,227 cameras 86362 128662716286656 Found working camera at index 1
INFO 2025-04-17 13:52:30,697 cameras 86362 128662716286656 Successfully opened camera at index 1
INFO 2025-04-17 13:52:31,784 cameras 86362 128662716286656 Camera initialized successfully
ERROR 2025-04-17 13:52:32,315 utils 86362 128662716286656 Error in Getting frame in student login camera: Cannot resolve keyword 'face_encoding' into field. Choices are: date_joined, email, first_name, groups, id, is_active, is_staff, is_superuser, last_login, last_name, logentry, password, user_permissions, username
INFO 2025-04-17 13:52:32,316 cameras 86362 128662716286656 Camera stopped and resources released
INFO 2025-04-17 13:52:32,316 cameras 86362 128662716286656 Camera stopped and resources released
INFO 2025-04-17 13:53:32,174 views 86890 137964157916992 Loaded book mapping for tag 0: {'title': 'The Alchemist', 'author': 'Paolo Coehlo', 'genre': 'Fiction', 'isbn': '123545432543523'}
INFO 2025-04-17 13:53:32,174 views 86890 137964157916992 Loaded book mapping for tag 1: {'title': 'The Idiot', 'author': 'John Smith', 'genre': 'Technology', 'isbn': '9780123456789'}
INFO 2025-04-17 13:53:44,216 cameras 86890 137957459625664 Found working camera at index 1
INFO 2025-04-17 13:53:44,685 cameras 86890 137957459625664 Successfully opened camera at index 1
INFO 2025-04-17 13:53:45,772 cameras 86890 137957459625664 Camera initialized successfully
INFO 2025-04-17 13:54:06,333 cameras 86890 137957459625664 Camera stopped and resources released
INFO 2025-04-17 13:54:06,333 cameras 86890 137957459625664 Camera stopped and resources released
INFO 2025-04-17 13:55:29,998 views 87912 140608112224064 Loaded book mapping for tag 0: {'title': 'The Alchemist', 'author': 'Paolo Coehlo', 'genre': 'Fiction', 'isbn': '123545432543523'}
INFO 2025-04-17 13:55:29,998 views 87912 140608112224064 Loaded book mapping for tag 1: {'title': 'The Idiot', 'author': 'John Smith', 'genre': 'Technology', 'isbn': '9780123456789'}
INFO 2025-04-17 13:56:02,100 cameras 87912 140601410455232 Found working camera at index 1
INFO 2025-04-17 13:56:02,569 cameras 87912 140601410455232 Successfully opened camera at index 1
INFO 2025-04-17 13:56:03,656 cameras 87912 140601410455232 Camera initialized successfully
INFO 2025-04-17 13:56:07,510 cameras 87912 140601410455232 Camera stopped and resources released
INFO 2025-04-17 13:56:07,510 cameras 87912 140601410455232 Camera stopped and resources released
INFO 2025-04-17 13:56:10,878 cameras 87912 140601322374848 Found working camera at index 1
INFO 2025-04-17 13:56:11,346 cameras 87912 140601322374848 Successfully opened camera at index 1
INFO 2025-04-17 13:56:12,434 cameras 87912 140601322374848 Camera initialized successfully
INFO 2025-04-17 13:56:13,783 cameras 87912 140601322374848 Camera stopped and resources released
INFO 2025-04-17 13:56:13,783 cameras 87912 140601322374848 Camera stopped and resources released
INFO 2025-04-17 13:57:27,753 views 88988 126655629723456 Loaded book mapping for tag 0: {'title': 'The Alchemist', 'author': 'Paolo Coehlo', 'genre': 'Fiction', 'isbn': '123545432543523'}
INFO 2025-04-17 13:57:27,754 views 88988 126655629723456 Loaded book mapping for tag 1: {'title': 'The Idiot', 'author': 'John Smith', 'genre': 'Technology', 'isbn': '9780123456789'}
INFO 2025-04-17 13:58:11,465 cameras 88988 126648930272960 Found working camera at index 1
INFO 2025-04-17 13:58:11,934 cameras 88988 126648930272960 Successfully opened camera at index 1
INFO 2025-04-17 13:58:13,022 cameras 88988 126648930272960 Camera initialized successfully
INFO 2025-04-17 13:58:18,186 cameras 88988 126648930272960 Camera stopped and resources released
INFO 2025-04-17 13:58:18,186 cameras 88988 126648930272960 Camera stopped and resources released
INFO 2025-04-17 13:58:23,489 cameras 88988 126648919787200 Found working camera at index 1
INFO 2025-04-17 13:58:23,958 cameras 88988 126648919787200 Successfully opened camera at index 1
INFO 2025-04-17 13:58:25,045 cameras 88988 126648919787200 Camera initialized successfully
INFO 2025-04-17 13:58:25,063 id_card_processor 88988 126648919787200 Using device: cuda
INFO 2025-04-17 13:58:31,315 id_card_processor 88988 126648919787200 Capture timer started
INFO 2025-04-17 13:58:35,795 cameras 88988 126648919787200 Camera stopped and resources released
INFO 2025-04-17 13:58:35,795 cameras 88988 126648919787200 Camera stopped and resources released
INFO 2025-04-17 13:58:36,954 cameras 88988 126645811807936 Found working camera at index 1
INFO 2025-04-17 13:58:37,425 cameras 88988 126645811807936 Successfully opened camera at index 1
INFO 2025-04-17 13:58:38,511 cameras 88988 126645811807936 Camera initialized successfully
INFO 2025-04-17 13:58:43,616 cameras 88988 126645811807936 Camera stopped and resources released
INFO 2025-04-17 13:58:43,616 cameras 88988 126645811807936 Camera stopped and resources released
INFO 2025-04-17 13:58:52,161 cameras 88988 126648919787200 Found working camera at index 1
INFO 2025-04-17 13:58:52,629 cameras 88988 126648919787200 Successfully opened camera at index 1
INFO 2025-04-17 13:58:53,718 cameras 88988 126648919787200 Camera initialized successfully
INFO 2025-04-17 13:59:03,234 cameras 88988 126648919787200 Camera stopped and resources released
INFO 2025-04-17 13:59:03,234 cameras 88988 126648919787200 Camera stopped and resources released
INFO 2025-04-17 14:00:49,322 views 91358 124475414128448 Loaded book mapping for tag 0: {'title': 'The Alchemist', 'author': 'Paolo Coehlo', 'genre': 'Fiction', 'isbn': '123545432543523'}
INFO 2025-04-17 14:00:49,323 views 91358 124475414128448 Loaded book mapping for tag 1: {'title': 'The Idiot', 'author': 'John Smith', 'genre': 'Technology', 'isbn': '9780123456789'}
INFO 2025-04-17 14:00:58,562 cameras 91358 124468714276544 Found working camera at index 1
INFO 2025-04-17 14:00:59,031 cameras 91358 124468714276544 Successfully opened camera at index 1
INFO 2025-04-17 14:01:00,118 cameras 91358 124468714276544 Camera initialized successfully
INFO 2025-04-17 14:01:02,718 cameras 91358 124468714276544 Camera stopped and resources released
INFO 2025-04-17 14:01:02,718 cameras 91358 124468714276544 Camera stopped and resources released
INFO 2025-04-17 14:01:09,239 cameras 91358 124468703790784 Found working camera at index 1
INFO 2025-04-17 14:01:09,708 cameras 91358 124468703790784 Successfully opened camera at index 1
INFO 2025-04-17 14:01:10,795 cameras 91358 124468703790784 Camera initialized successfully
INFO 2025-04-17 14:01:14,225 cameras 91358 124468703790784 Camera stopped and resources released
INFO 2025-04-17 14:01:14,225 cameras 91358 124468703790784 Camera stopped and resources released
INFO 2025-04-17 14:01:17,401 cameras 91358 124468714276544 Found working camera at index 1
INFO 2025-04-17 14:01:17,869 cameras 91358 124468714276544 Successfully opened camera at index 1
INFO 2025-04-17 14:01:18,958 cameras 91358 124468714276544 Camera initialized successfully
INFO 2025-04-17 14:01:18,978 id_card_processor 91358 124468714276544 Using device: cuda
INFO 2025-04-17 14:01:35,020 id_card_processor 91358 124468714276544 Capture timer started
INFO 2025-04-17 14:01:40,029 id_card_processor 91358 124468714276544 Capture triggered
INFO 2025-04-17 14:01:40,033 id_card_processor 91358 124468714276544 Box coordinates set to: (96, 72, 448, 336)
INFO 2025-04-17 14:01:40,035 id_card_processor 91358 124468714276544 Images saved: /media/putu/EC42-8749/shaRD/librarain/media/id_cards/id_card_20250417_140140.jpg and /media/putu/EC42-8749/shaRD/librarain/media/id_cards/id_card_cropped_20250417_140140.jpg
INFO 2025-04-17 14:01:41,414 id_card_processor 91358 124468714276544 OCR completed successfully. Text saved to: /media/putu/EC42-8749/shaRD/librarain/media/id_cards/id_card_cropped_20250417_140140.txt
INFO 2025-04-17 14:01:41,415 id_card_processor 91358 124468714276544 Switched to face detection mode
INFO 2025-04-17 14:01:41,419 id_card_processor 91358 124468714276544 Capture timer started
INFO 2025-04-17 14:01:46,469 id_card_processor 91358 124468714276544 Capture triggered
INFO 2025-04-17 14:01:48,800 cameras 91358 124468714276544 Camera stopped and resources released
INFO 2025-04-17 14:01:48,800 cameras 91358 124468714276544 Camera stopped and resources released
INFO 2025-04-17 14:01:56,084 cameras 91358 124465522411200 Found working camera at index 1
INFO 2025-04-17 14:01:56,553 cameras 91358 124465522411200 Successfully opened camera at index 1
INFO 2025-04-17 14:01:57,640 cameras 91358 124465522411200 Camera initialized successfully
INFO 2025-04-17 14:01:57,674 book_detector 91358 124465522411200 AprilTag detector initialized successfully
INFO 2025-04-17 14:01:57,675 cameras 91358 124465522411200 Camera stopped and resources released
INFO 2025-04-17 14:01:59,932 cameras 91358 124465522411200 Found working camera at index 1
INFO 2025-04-17 14:02:00,403 cameras 91358 124465522411200 Successfully opened camera at index 1
INFO 2025-04-17 14:02:01,492 cameras 91358 124465522411200 Camera initialized successfully
INFO 2025-04-17 14:02:01,492 id_card_processor 91358 124465522411200 Using device: cuda
INFO 2025-04-17 14:02:07,390 id_card_processor 91358 124465522411200 Capture timer started
INFO 2025-04-17 14:02:12,458 id_card_processor 91358 124465522411200 Capture triggered
INFO 2025-04-17 14:02:12,462 id_card_processor 91358 124465522411200 Box coordinates set to: (96, 72, 448, 336)
INFO 2025-04-17 14:02:12,464 id_card_processor 91358 124465522411200 Images saved: /media/putu/EC42-8749/shaRD/librarain/media/id_cards/id_card_20250417_140212.jpg and /media/putu/EC42-8749/shaRD/librarain/media/id_cards/id_card_cropped_20250417_140212.jpg
INFO 2025-04-17 14:02:13,409 id_card_processor 91358 124465522411200 OCR completed successfully. Text saved to: /media/putu/EC42-8749/shaRD/librarain/media/id_cards/id_card_cropped_20250417_140212.txt
INFO 2025-04-17 14:02:13,409 id_card_processor 91358 124465522411200 Switched to face detection mode
INFO 2025-04-17 14:02:13,413 id_card_processor 91358 124465522411200 Capture timer started
ERROR 2025-04-17 14:02:15,430 utils 91358 124468714276544 Error in Camera initialization: No cameras found. Please check your camera connection and permissions.
ERROR 2025-04-17 14:02:15,431 utils 91358 124468714276544 Error in Creating camera of type return: Error in Camera initialization: No cameras found. Please check your camera connection and permissions.
ERROR 2025-04-17 14:02:15,431 utils 91358 124468714276544 Error in Camera feed: Error in Creating camera of type return: Error in Camera initialization: No cameras found. Please check your camera connection and permissions.
INFO 2025-04-17 14:02:15,432 cameras 91358 124468714276544 Camera stopped and resources released
INFO 2025-04-17 14:02:16,169 cameras 91358 124465522411200 Camera stopped and resources released
INFO 2025-04-17 14:02:16,169 cameras 91358 124465522411200 Camera stopped and resources released
INFO 2025-04-17 15:08:33,068 views 93371 132219709998912 Loaded book mapping for tag 0: {'title': 'The Alchemist', 'author': 'Paolo Coehlo', 'genre': 'Fiction', 'isbn': '123545432543523'}
INFO 2025-04-17 15:08:33,068 views 93371 132219709998912 Loaded book mapping for tag 1: {'title': 'The Idiot', 'author': 'John Smith', 'genre': 'Technology', 'isbn': '9780123456789'}
INFO 2025-04-17 15:08:38,980 cameras 93371 132212915701440 Found working camera at index 1
INFO 2025-04-17 15:08:39,450 cameras 93371 132212915701440 Successfully opened camera at index 1
INFO 2025-04-17 15:08:40,537 cameras 93371 132212915701440 Camera initialized successfully
INFO 2025-04-17 15:09:01,681 cameras 93371 132212915701440 Camera stopped and resources released
INFO 2025-04-17 15:09:01,681 cameras 93371 132212915701440 Camera stopped and resources released
INFO 2025-04-17 15:09:44,048 views 93631 139103629944640 Loaded book mapping for tag 0: {'title': 'The Alchemist', 'author': 'Paolo Coehlo', 'genre': 'Fiction', 'isbn': '123545432543523'}
INFO 2025-04-17 15:09:44,048 views 93631 139103629944640 Loaded book mapping for tag 1: {'title': 'The Idiot', 'author': 'John Smith', 'genre': 'Technology', 'isbn': '9780123456789'}
INFO 2025-04-17 15:12:04,178 views 94370 135285364971328 Loaded book mapping for tag 0: {'title': 'The Alchemist', 'author': 'Paolo Coehlo', 'genre': 'Fiction', 'isbn': '123545432543523'}
INFO 2025-04-17 15:12:04,178 views 94370 135285364971328 Loaded book mapping for tag 1: {'title': 'The Idiot', 'author': 'John Smith', 'genre': 'Technology', 'isbn': '9780123456789'}
INFO 2025-04-17 15:13:13,937 views 94538 128717943351104 Loaded book mapping for tag 0: {'title': 'The Alchemist', 'author': 'Paolo Coehlo', 'genre': 'Fiction', 'isbn': '123545432543523'}
INFO 2025-04-17 15:13:13,937 views 94538 128717943351104 Loaded book mapping for tag 1: {'title': 'The Idiot', 'author': 'John Smith', 'genre': 'Technology', 'isbn': '9780123456789'}
INFO 2025-04-17 15:13:28,718 cameras 94538 128711244383936 Found working camera at index 1
INFO 2025-04-17 15:13:29,187 cameras 94538 128711244383936 Successfully opened camera at index 1
INFO 2025-04-17 15:13:30,274 cameras 94538 128711244383936 Camera initialized successfully
INFO 2025-04-17 15:13:30,295 id_card_processor 94538 128711244383936 Using device: cuda
INFO 2025-04-17 15:13:36,771 id_card_processor 94538 128711244383936 Capture timer started
ERROR 2025-04-17 15:13:36,771 utils 94538 128711244383936 Error in Student login camera frame processing: 'StudentLoginCamera' object has no attribute 'id_card_captured'
INFO 2025-04-17 15:13:36,773 cameras 94538 128711244383936 Camera stopped and resources released
INFO 2025-04-17 15:13:36,773 cameras 94538 128711244383936 Camera stopped and resources released
INFO 2025-04-17 15:14:04,182 cameras 94538 128711233898176 Found working camera at index 1
INFO 2025-04-17 15:14:04,652 cameras 94538 128711233898176 Successfully opened camera at index 1
INFO 2025-04-17 15:14:05,739 cameras 94538 128711233898176 Camera initialized successfully
INFO 2025-04-17 15:14:05,739 id_card_processor 94538 128711233898176 Using device: cuda
INFO 2025-04-17 15:14:10,659 id_card_processor 94538 128711233898176 Capture timer started
ERROR 2025-04-17 15:14:10,659 utils 94538 128711233898176 Error in Student login camera frame processing: 'StudentLoginCamera' object has no attribute 'id_card_captured'
INFO 2025-04-17 15:14:10,661 cameras 94538 128711233898176 Camera stopped and resources released
INFO 2025-04-17 15:14:10,661 cameras 94538 128711233898176 Camera stopped and resources released
INFO 2025-04-17 15:14:49,894 views 95371 131561567065920 Loaded book mapping for tag 0: {'title': 'The Alchemist', 'author': 'Paolo Coehlo', 'genre': 'Fiction', 'isbn': '123545432543523'}
INFO 2025-04-17 15:14:49,894 views 95371 131561567065920 Loaded book mapping for tag 1: {'title': 'The Idiot', 'author': 'John Smith', 'genre': 'Technology', 'isbn': '9780123456789'}
INFO 2025-04-17 15:14:58,961 cameras 95371 131554867152576 Found working camera at index 1
INFO 2025-04-17 15:14:59,431 cameras 95371 131554867152576 Successfully opened camera at index 1
INFO 2025-04-17 15:15:00,518 cameras 95371 131554867152576 Camera initialized successfully
INFO 2025-04-17 15:15:00,540 id_card_processor 95371 131554867152576 Using device: cuda
INFO 2025-04-17 15:15:07,894 id_card_processor 95371 131554867152576 Capture timer started
INFO 2025-04-17 15:15:12,903 id_card_processor 95371 131554867152576 Capture triggered
INFO 2025-04-17 15:15:12,908 id_card_processor 95371 131554867152576 Box coordinates set to: (96, 72, 448, 336)
INFO 2025-04-17 15:15:12,909 id_card_processor 95371 131554867152576 Images saved: /media/putu/EC42-8749/shaRD/librarain/media/id_cards/id_card_20250417_151512.jpg and /media/putu/EC42-8749/shaRD/librarain/media/id_cards/id_card_cropped_20250417_151512.jpg
INFO 2025-04-17 15:15:14,142 id_card_processor 95371 131554867152576 OCR completed successfully. Text saved to: /media/putu/EC42-8749/shaRD/librarain/media/id_cards/id_card_cropped_20250417_151512.txt
INFO 2025-04-17 15:15:14,143 id_card_processor 95371 131554867152576 Switched to face detection mode
INFO 2025-04-17 15:15:14,146 id_card_processor 95371 131554867152576 Capture timer started
INFO 2025-04-17 15:15:19,167 id_card_processor 95371 131554867152576 Capture triggered
INFO 2025-04-17 15:15:19,282 id_card_processor 95371 131554867152576 Capture timer started
INFO 2025-04-17 15:15:24,350 id_card_processor 95371 131554867152576 Capture triggered
INFO 2025-04-17 15:15:24,470 id_card_processor 95371 131554867152576 Capture timer started
INFO 2025-04-17 15:15:29,478 id_card_processor 95371 131554867152576 Capture triggered
INFO 2025-04-17 15:15:32,886 cameras 95371 131554867152576 Camera stopped and resources released
INFO 2025-04-17 15:15:32,886 cameras 95371 131554867152576 Camera stopped and resources released
INFO 2025-04-17 15:16:55,635 cameras 95371 131551547360960 Found working camera at index 1
INFO 2025-04-17 15:16:56,104 cameras 95371 131551547360960 Successfully opened camera at index 1
INFO 2025-04-17 15:16:57,191 cameras 95371 131551547360960 Camera initialized successfully
INFO 2025-04-17 15:16:57,191 id_card_processor 95371 131551547360960 Using device: cuda
INFO 2025-04-17 15:17:03,620 id_card_processor 95371 131551547360960 Capture timer started
INFO 2025-04-17 15:17:08,687 id_card_processor 95371 131551547360960 Capture triggered
INFO 2025-04-17 15:17:08,691 id_card_processor 95371 131551547360960 Box coordinates set to: (96, 72, 448, 336)
INFO 2025-04-17 15:17:08,693 id_card_processor 95371 131551547360960 Images saved: /media/putu/EC42-8749/shaRD/librarain/media/id_cards/id_card_20250417_151708.jpg and /media/putu/EC42-8749/shaRD/librarain/media/id_cards/id_card_cropped_20250417_151708.jpg
INFO 2025-04-17 15:17:09,298 id_card_processor 95371 131551547360960 OCR completed successfully. Text saved to: /media/putu/EC42-8749/shaRD/librarain/media/id_cards/id_card_cropped_20250417_151708.txt
INFO 2025-04-17 15:17:09,298 id_card_processor 95371 131551547360960 Switched to face detection mode
INFO 2025-04-17 15:17:09,301 id_card_processor 95371 131551547360960 Capture timer started
INFO 2025-04-17 15:17:14,351 id_card_processor 95371 131551547360960 Capture triggered
INFO 2025-04-17 15:17:20,676 cameras 95371 131551547360960 Camera stopped and resources released
INFO 2025-04-17 15:17:20,676 cameras 95371 131551547360960 Camera stopped and resources released
INFO 2025-04-17 15:27:10,500 cameras 95371 131554867152576 Found working camera at index 1
INFO 2025-04-17 15:27:10,968 cameras 95371 131554867152576 Successfully opened camera at index 1
INFO 2025-04-17 15:27:12,056 cameras 95371 131554867152576 Camera initialized successfully
INFO 2025-04-17 15:27:12,056 id_card_processor 95371 131554867152576 Using device: cuda
INFO 2025-04-17 15:27:18,940 id_card_processor 95371 131554867152576 Capture timer started
INFO 2025-04-17 15:27:23,940 id_card_processor 95371 131554867152576 Capture triggered
INFO 2025-04-17 15:27:23,945 id_card_processor 95371 131554867152576 Box coordinates set to: (96, 72, 448, 336)
INFO 2025-04-17 15:27:23,947 id_card_processor 95371 131554867152576 Images saved: /media/putu/EC42-8749/shaRD/librarain/media/id_cards/id_card_20250417_152723.jpg and /media/putu/EC42-8749/shaRD/librarain/media/id_cards/id_card_cropped_20250417_152723.jpg
INFO 2025-04-17 15:27:27,324 id_card_processor 95371 131554867152576 OCR completed successfully. Text saved to: /media/putu/EC42-8749/shaRD/librarain/media/id_cards/id_card_cropped_20250417_152723.txt
INFO 2025-04-17 15:27:27,324 id_card_processor 95371 131554867152576 Switched to face detection mode
INFO 2025-04-17 15:27:27,329 id_card_processor 95371 131554867152576 Capture timer started
INFO 2025-04-17 15:27:29,181 cameras 95371 131554867152576 Camera stopped and resources released
INFO 2025-04-17 15:27:29,182 cameras 95371 131554867152576 Camera stopped and resources released
INFO 2025-04-17 15:36:52,855 views 99850 132354254554944 Loaded book mapping for tag 0: {'title': 'The Alchemist', 'author': 'Paolo Coehlo', 'genre': 'Fiction', 'isbn': '123545432543523'}
INFO 2025-04-17 15:36:52,855 views 99850 132354254554944 Loaded book mapping for tag 1: {'title': 'The Idiot', 'author': 'John Smith', 'genre': 'Technology', 'isbn': '9780123456789'}
INFO 2025-04-17 15:41:51,078 cameras 99850 132346772719296 Found working camera at index 1
INFO 2025-04-17 15:41:51,548 cameras 99850 132346772719296 Successfully opened camera at index 1
INFO 2025-04-17 15:41:52,634 cameras 99850 132346772719296 Camera initialized successfully
ERROR 2025-04-17 15:41:52,635 utils 99850 132346772719296 Error in Creating camera of type id_card: name 'torch' is not defined
ERROR 2025-04-17 15:41:52,635 utils 99850 132346772719296 Error in Video feed: Error in Creating camera of type id_card: name 'torch' is not defined
INFO 2025-04-17 15:41:52,725 cameras 99850 132346772719296 Camera stopped and resources released
INFO 2025-04-17 15:42:34,197 views 105052 125048256685888 Loaded book mapping for tag 0: {'title': 'The Alchemist', 'author': 'Paolo Coehlo', 'genre': 'Fiction', 'isbn': '123545432543523'}
INFO 2025-04-17 15:42:34,197 views 105052 125048256685888 Loaded book mapping for tag 1: {'title': 'The Idiot', 'author': 'John Smith', 'genre': 'Technology', 'isbn': '9780123456789'}
INFO 2025-04-17 15:42:47,676 views 105140 136564317153088 Loaded book mapping for tag 0: {'title': 'The Alchemist', 'author': 'Paolo Coehlo', 'genre': 'Fiction', 'isbn': '123545432543523'}
INFO 2025-04-17 15:42:47,676 views 105140 136564317153088 Loaded book mapping for tag 1: {'title': 'The Idiot', 'author': 'John Smith', 'genre': 'Technology', 'isbn': '9780123456789'}
INFO 2025-04-17 15:42:58,147 cameras 105140 136556836816576 Found working camera at index 1
INFO 2025-04-17 15:42:58,617 cameras 105140 136556836816576 Successfully opened camera at index 1
INFO 2025-04-17 15:42:59,703 cameras 105140 136556836816576 Camera initialized successfully
INFO 2025-04-17 15:42:59,709 id_card_processor 105140 136556836816576 Using device: cpu
INFO 2025-04-17 15:43:01,663 id_card_processor 105140 136556836816576 Capture timer started
INFO 2025-04-17 15:43:06,671 id_card_processor 105140 136556836816576 Capture triggered
INFO 2025-04-17 15:43:06,675 id_card_processor 105140 136556836816576 Box coordinates set to: (96, 72, 448, 336)
INFO 2025-04-17 15:43:06,677 id_card_processor 105140 136556836816576 Images saved: /media/putu/EC42-8749/shaRD/librarain/media/id_cards/id_card_20250417_154306.jpg and /media/putu/EC42-8749/shaRD/librarain/media/id_cards/id_card_cropped_20250417_154306.jpg
INFO 2025-04-17 15:43:07,397 id_card_processor 105140 136556836816576 OCR completed successfully. Text saved to: /media/putu/EC42-8749/shaRD/librarain/media/id_cards/id_card_cropped_20250417_154306.txt
INFO 2025-04-17 15:43:07,397 id_card_processor 105140 136556836816576 Switched to face detection mode
INFO 2025-04-17 15:43:07,399 id_card_processor 105140 136556836816576 Capture timer started
INFO 2025-04-17 15:43:12,514 id_card_processor 105140 136556836816576 Capture triggered
INFO 2025-04-17 15:43:12,635 id_card_processor 105140 136556836816576 Capture timer started
INFO 2025-04-17 15:43:17,703 id_card_processor 105140 136556836816576 Capture triggered
INFO 2025-04-17 15:43:17,823 id_card_processor 105140 136556836816576 Capture timer started
INFO 2025-04-17 15:43:22,891 id_card_processor 105140 136556836816576 Capture triggered
INFO 2025-04-17 15:43:23,011 id_card_processor 105140 136556836816576 Capture timer started
INFO 2025-04-17 15:43:28,019 id_card_processor 105140 136556836816576 Capture triggered
INFO 2025-04-17 15:44:28,665 cameras 105140 136556836816576 Camera stopped and resources released
INFO 2025-04-17 15:44:28,666 cameras 105140 136556836816576 Camera stopped and resources released
INFO 2025-04-17 15:44:30,570 cameras 105140 136555834377920 Found working camera at index 1
INFO 2025-04-17 15:44:31,040 cameras 105140 136555834377920 Successfully opened camera at index 1
INFO 2025-04-17 15:44:32,127 cameras 105140 136555834377920 Camera initialized successfully
INFO 2025-04-17 15:44:32,148 book_detector 105140 136555834377920 AprilTag detector initialized successfully
INFO 2025-04-17 15:44:32,149 cameras 105140 136555834377920 Camera stopped and resources released
INFO 2025-04-17 15:44:34,066 cameras 105140 136555834377920 Found working camera at index 1
INFO 2025-04-17 15:44:34,537 cameras 105140 136555834377920 Successfully opened camera at index 1
INFO 2025-04-17 15:44:35,626 cameras 105140 136555834377920 Camera initialized successfully
INFO 2025-04-17 15:44:35,626 id_card_processor 105140 136555834377920 Using device: cpu
INFO 2025-04-17 15:44:37,466 id_card_processor 105140 136555834377920 Capture timer started
ERROR 2025-04-17 15:44:41,094 utils 105140 136556159436480 Error in Camera initialization: No cameras found. Please check your camera connection and permissions.
ERROR 2025-04-17 15:44:41,095 utils 105140 136556159436480 Error in Creating camera of type borrow: Error in Camera initialization: No cameras found. Please check your camera connection and permissions.
ERROR 2025-04-17 15:44:41,095 utils 105140 136556159436480 Error in Camera feed: Error in Creating camera of type borrow: Error in Camera initialization: No cameras found. Please check your camera connection and permissions.
INFO 2025-04-17 15:44:41,096 cameras 105140 136556159436480 Camera stopped and resources released
INFO 2025-04-17 15:44:41,289 cameras 105140 136555834377920 Camera stopped and resources released
INFO 2025-04-17 15:44:41,289 cameras 105140 136555834377920 Camera stopped and resources released
INFO 2025-04-17 15:45:02,419 cameras 105140 136556159436480 Found working camera at index 1
INFO 2025-04-17 15:45:02,888 cameras 105140 136556159436480 Successfully opened camera at index 1
INFO 2025-04-17 15:45:03,975 cameras 105140 136556159436480 Camera initialized successfully
INFO 2025-04-17 15:45:03,976 id_card_processor 105140 136556159436480 Using device: cpu
INFO 2025-04-17 15:45:05,802 id_card_processor 105140 136556159436480 Capture timer started
INFO 2025-04-17 15:45:10,870 id_card_processor 105140 136556159436480 Capture triggered
INFO 2025-04-17 15:45:10,874 id_card_processor 105140 136556159436480 Box coordinates set to: (96, 72, 448, 336)
INFO 2025-04-17 15:45:10,876 id_card_processor 105140 136556159436480 Images saved: /media/putu/EC42-8749/shaRD/librarain/media/id_cards/id_card_20250417_154510.jpg and /media/putu/EC42-8749/shaRD/librarain/media/id_cards/id_card_cropped_20250417_154510.jpg
INFO 2025-04-17 15:45:11,325 id_card_processor 105140 136556159436480 OCR completed successfully. Text saved to: /media/putu/EC42-8749/shaRD/librarain/media/id_cards/id_card_cropped_20250417_154510.txt
INFO 2025-04-17 15:45:11,328 id_card_processor 105140 136556159436480 Capture timer started
INFO 2025-04-17 15:45:16,417 id_card_processor 105140 136556159436480 Capture triggered
INFO 2025-04-17 15:45:16,423 id_card_processor 105140 136556159436480 Box coordinates set to: (96, 72, 448, 336)
INFO 2025-04-17 15:45:16,425 id_card_processor 105140 136556159436480 Images saved: /media/putu/EC42-8749/shaRD/librarain/media/id_cards/id_card_20250417_154516.jpg and /media/putu/EC42-8749/shaRD/librarain/media/id_cards/id_card_cropped_20250417_154516.jpg
INFO 2025-04-17 15:45:16,887 id_card_processor 105140 136556159436480 OCR completed successfully. Text saved to: /media/putu/EC42-8749/shaRD/librarain/media/id_cards/id_card_cropped_20250417_154516.txt
INFO 2025-04-17 15:45:16,890 id_card_processor 105140 136556159436480 Capture timer started
INFO 2025-04-17 15:45:21,901 id_card_processor 105140 136556159436480 Capture triggered
INFO 2025-04-17 15:45:21,905 id_card_processor 105140 136556159436480 Box coordinates set to: (96, 72, 448, 336)
INFO 2025-04-17 15:45:21,906 id_card_processor 105140 136556159436480 Images saved: /media/putu/EC42-8749/shaRD/librarain/media/id_cards/id_card_20250417_154521.jpg and /media/putu/EC42-8749/shaRD/librarain/media/id_cards/id_card_cropped_20250417_154521.jpg
INFO 2025-04-17 15:45:22,311 id_card_processor 105140 136556159436480 OCR completed successfully. Text saved to: /media/putu/EC42-8749/shaRD/librarain/media/id_cards/id_card_cropped_20250417_154521.txt
INFO 2025-04-17 15:45:22,316 id_card_processor 105140 136556159436480 Capture timer started
INFO 2025-04-17 15:45:27,325 id_card_processor 105140 136556159436480 Capture triggered
INFO 2025-04-17 15:45:27,328 id_card_processor 105140 136556159436480 Box coordinates set to: (96, 72, 448, 336)
INFO 2025-04-17 15:45:27,329 id_card_processor 105140 136556159436480 Images saved: /media/putu/EC42-8749/shaRD/librarain/media/id_cards/id_card_20250417_154527.jpg and /media/putu/EC42-8749/shaRD/librarain/media/id_cards/id_card_cropped_20250417_154527.jpg
INFO 2025-04-17 15:45:27,760 id_card_processor 105140 136556159436480 OCR completed successfully. Text saved to: /media/putu/EC42-8749/shaRD/librarain/media/id_cards/id_card_cropped_20250417_154527.txt
INFO 2025-04-17 15:45:27,764 id_card_processor 105140 136556159436480 Capture timer started
INFO 2025-04-17 15:45:32,873 id_card_processor 105140 136556159436480 Capture triggered
INFO 2025-04-17 15:45:32,876 id_card_processor 105140 136556159436480 Box coordinates set to: (96, 72, 448, 336)
INFO 2025-04-17 15:45:32,877 id_card_processor 105140 136556159436480 Images saved: /media/putu/EC42-8749/shaRD/librarain/media/id_cards/id_card_20250417_154532.jpg and /media/putu/EC42-8749/shaRD/librarain/media/id_cards/id_card_cropped_20250417_154532.jpg
INFO 2025-04-17 15:45:33,277 id_card_processor 105140 136556159436480 OCR completed successfully. Text saved to: /media/putu/EC42-8749/shaRD/librarain/media/id_cards/id_card_cropped_20250417_154532.txt
INFO 2025-04-17 15:45:33,282 id_card_processor 105140 136556159436480 Capture timer started
INFO 2025-04-17 15:45:38,356 id_card_processor 105140 136556159436480 Capture triggered
INFO 2025-04-17 15:45:38,358 id_card_processor 105140 136556159436480 Box coordinates set to: (96, 72, 448, 336)
INFO 2025-04-17 15:45:38,360 id_card_processor 105140 136556159436480 Images saved: /media/putu/EC42-8749/shaRD/librarain/media/id_cards/id_card_20250417_154538.jpg and /media/putu/EC42-8749/shaRD/librarain/media/id_cards/id_card_cropped_20250417_154538.jpg
INFO 2025-04-17 15:45:38,748 id_card_processor 105140 136556159436480 OCR completed successfully. Text saved to: /media/putu/EC42-8749/shaRD/librarain/media/id_cards/id_card_cropped_20250417_154538.txt
INFO 2025-04-17 15:45:38,752 id_card_processor 105140 136556159436480 Capture timer started
INFO 2025-04-17 15:45:43,785 id_card_processor 105140 136556159436480 Capture triggered
INFO 2025-04-17 15:45:43,789 id_card_processor 105140 136556159436480 Box coordinates set to: (96, 72, 448, 336)
INFO 2025-04-17 15:45:43,791 id_card_processor 105140 136556159436480 Images saved: /media/putu/EC42-8749/shaRD/librarain/media/id_cards/id_card_20250417_154543.jpg and /media/putu/EC42-8749/shaRD/librarain/media/id_cards/id_card_cropped_20250417_154543.jpg
INFO 2025-04-17 15:45:44,209 id_card_processor 105140 136556159436480 OCR completed successfully. Text saved to: /media/putu/EC42-8749/shaRD/librarain/media/id_cards/id_card_cropped_20250417_154543.txt
INFO 2025-04-17 15:45:44,214 id_card_processor 105140 136556159436480 Capture timer started
INFO 2025-04-17 15:45:49,328 id_card_processor 105140 136556159436480 Capture triggered
INFO 2025-04-17 15:45:49,332 id_card_processor 105140 136556159436480 Box coordinates set to: (96, 72, 448, 336)
INFO 2025-04-17 15:45:49,333 id_card_processor 105140 136556159436480 Images saved: /media/putu/EC42-8749/shaRD/librarain/media/id_cards/id_card_20250417_154549.jpg and /media/putu/EC42-8749/shaRD/librarain/media/id_cards/id_card_cropped_20250417_154549.jpg
INFO 2025-04-17 15:45:49,769 id_card_processor 105140 136556159436480 OCR completed successfully. Text saved to: /media/putu/EC42-8749/shaRD/librarain/media/id_cards/id_card_cropped_20250417_154549.txt
INFO 2025-04-17 15:45:49,772 id_card_processor 105140 136556159436480 Capture timer started
INFO 2025-04-17 15:45:54,812 id_card_processor 105140 136556159436480 Capture triggered
INFO 2025-04-17 15:45:54,816 id_card_processor 105140 136556159436480 Box coordinates set to: (96, 72, 448, 336)
INFO 2025-04-17 15:45:54,817 id_card_processor 105140 136556159436480 Images saved: /media/putu/EC42-8749/shaRD/librarain/media/id_cards/id_card_20250417_154554.jpg and /media/putu/EC42-8749/shaRD/librarain/media/id_cards/id_card_cropped_20250417_154554.jpg
INFO 2025-04-17 15:45:55,218 id_card_processor 105140 136556159436480 OCR completed successfully. Text saved to: /media/putu/EC42-8749/shaRD/librarain/media/id_cards/id_card_cropped_20250417_154554.txt
INFO 2025-04-17 15:45:55,223 id_card_processor 105140 136556159436480 Capture timer started
INFO 2025-04-17 15:46:00,240 id_card_processor 105140 136556159436480 Capture triggered
INFO 2025-04-17 15:46:00,241 id_card_processor 105140 136556159436480 Box coordinates set to: (96, 72, 448, 336)
INFO 2025-04-17 15:46:00,242 id_card_processor 105140 136556159436480 Images saved: /media/putu/EC42-8749/shaRD/librarain/media/id_cards/id_card_20250417_154600.jpg and /media/putu/EC42-8749/shaRD/librarain/media/id_cards/id_card_cropped_20250417_154600.jpg
INFO 2025-04-17 15:46:00,632 id_card_processor 105140 136556159436480 OCR completed successfully. Text saved to: /media/putu/EC42-8749/shaRD/librarain/media/id_cards/id_card_cropped_20250417_154600.txt
INFO 2025-04-17 15:46:00,636 id_card_processor 105140 136556159436480 Capture timer started
INFO 2025-04-17 15:46:05,725 id_card_processor 105140 136556159436480 Capture triggered
INFO 2025-04-17 15:46:05,728 id_card_processor 105140 136556159436480 Box coordinates set to: (96, 72, 448, 336)
INFO 2025-04-17 15:46:05,729 id_card_processor 105140 136556159436480 Images saved: /media/putu/EC42-8749/shaRD/librarain/media/id_cards/id_card_20250417_154605.jpg and /media/putu/EC42-8749/shaRD/librarain/media/id_cards/id_card_cropped_20250417_154605.jpg
INFO 2025-04-17 15:46:06,122 id_card_processor 105140 136556159436480 OCR completed successfully. Text saved to: /media/putu/EC42-8749/shaRD/librarain/media/id_cards/id_card_cropped_20250417_154605.txt
INFO 2025-04-17 15:46:06,127 id_card_processor 105140 136556159436480 Capture timer started
INFO 2025-04-17 15:46:11,152 id_card_processor 105140 136556159436480 Capture triggered
INFO 2025-04-17 15:46:11,156 id_card_processor 105140 136556159436480 Box coordinates set to: (96, 72, 448, 336)
INFO 2025-04-17 15:46:11,158 id_card_processor 105140 136556159436480 Images saved: /media/putu/EC42-8749/shaRD/librarain/media/id_cards/id_card_20250417_154611.jpg and /media/putu/EC42-8749/shaRD/librarain/media/id_cards/id_card_cropped_20250417_154611.jpg
INFO 2025-04-17 15:46:11,546 id_card_processor 105140 136556159436480 OCR completed successfully. Text saved to: /media/putu/EC42-8749/shaRD/librarain/media/id_cards/id_card_cropped_20250417_154611.txt
INFO 2025-04-17 15:46:11,550 id_card_processor 105140 136556159436480 Capture timer started
INFO 2025-04-17 15:46:16,576 id_card_processor 105140 136556159436480 Capture triggered
INFO 2025-04-17 15:46:16,580 id_card_processor 105140 136556159436480 Box coordinates set to: (96, 72, 448, 336)
INFO 2025-04-17 15:46:16,582 id_card_processor 105140 136556159436480 Images saved: /media/putu/EC42-8749/shaRD/librarain/media/id_cards/id_card_20250417_154616.jpg and /media/putu/EC42-8749/shaRD/librarain/media/id_cards/id_card_cropped_20250417_154616.jpg
INFO 2025-04-17 15:46:16,970 id_card_processor 105140 136556159436480 OCR completed successfully. Text saved to: /media/putu/EC42-8749/shaRD/librarain/media/id_cards/id_card_cropped_20250417_154616.txt
INFO 2025-04-17 15:46:16,975 id_card_processor 105140 136556159436480 Capture timer started
INFO 2025-04-17 15:46:22,064 id_card_processor 105140 136556159436480 Capture triggered
INFO 2025-04-17 15:46:22,069 id_card_processor 105140 136556159436480 Box coordinates set to: (96, 72, 448, 336)
INFO 2025-04-17 15:46:22,071 id_card_processor 105140 136556159436480 Images saved: /media/putu/EC42-8749/shaRD/librarain/media/id_cards/id_card_20250417_154622.jpg and /media/putu/EC42-8749/shaRD/librarain/media/id_cards/id_card_cropped_20250417_154622.jpg
INFO 2025-04-17 15:46:22,506 id_card_processor 105140 136556159436480 OCR completed successfully. Text saved to: /media/putu/EC42-8749/shaRD/librarain/media/id_cards/id_card_cropped_20250417_154622.txt
INFO 2025-04-17 15:46:22,511 id_card_processor 105140 136556159436480 Capture timer started
INFO 2025-04-17 15:46:22,723 cameras 105140 136556159436480 Camera stopped and resources released
INFO 2025-04-17 15:46:22,723 cameras 105140 136556159436480 Camera stopped and resources released
INFO 2025-04-17 15:51:58,910 views 108026 124093911095104 Loaded book mapping for tag 0: {'title': 'The Alchemist', 'author': 'Paolo Coehlo', 'genre': 'Fiction', 'isbn': '123545432543523'}
INFO 2025-04-17 15:51:58,911 views 108026 124093911095104 Loaded book mapping for tag 1: {'title': 'The Idiot', 'author': 'John Smith', 'genre': 'Technology', 'isbn': '9780123456789'}
INFO 2025-04-17 15:53:10,800 cameras 108026 124086430729920 Found working camera at index 1
INFO 2025-04-17 15:53:11,269 cameras 108026 124086430729920 Successfully opened camera at index 1
INFO 2025-04-17 15:53:12,356 cameras 108026 124086430729920 Camera initialized successfully
INFO 2025-04-17 15:53:12,372 book_detector 108026 124086430729920 AprilTag detector initialized successfully
INFO 2025-04-17 15:53:12,373 cameras 108026 124086430729920 Camera stopped and resources released
INFO 2025-04-17 15:53:14,598 cameras 108026 124086430729920 Found working camera at index 1
INFO 2025-04-17 15:53:15,069 cameras 108026 124086430729920 Successfully opened camera at index 1
INFO 2025-04-17 15:53:16,157 cameras 108026 124086430729920 Camera initialized successfully
INFO 2025-04-17 15:53:16,157 id_card_processor 108026 124086430729920 Using device: cpu
INFO 2025-04-17 15:53:17,997 id_card_processor 108026 124086430729920 Capture timer started
INFO 2025-04-17 15:53:23,005 id_card_processor 108026 124086430729920 Capture triggered
INFO 2025-04-17 15:53:23,009 id_card_processor 108026 124086430729920 Box coordinates set to: (96, 72, 448, 336)
INFO 2025-04-17 15:53:23,011 id_card_processor 108026 124086430729920 Images saved: /media/putu/EC42-8749/shaRD/librarain/media/id_cards/id_card_20250417_155323.jpg and /media/putu/EC42-8749/shaRD/librarain/media/id_cards/id_card_cropped_20250417_155323.jpg
INFO 2025-04-17 15:53:23,519 id_card_processor 108026 124086430729920 OCR completed successfully. Text saved to: /media/putu/EC42-8749/shaRD/librarain/media/id_cards/id_card_cropped_20250417_155323.txt
INFO 2025-04-17 15:53:23,524 id_card_processor 108026 124086430729920 Capture timer started
INFO 2025-04-17 15:53:28,612 id_card_processor 108026 124086430729920 Capture triggered
INFO 2025-04-17 15:53:28,617 id_card_processor 108026 124086430729920 Box coordinates set to: (96, 72, 448, 336)
INFO 2025-04-17 15:53:28,618 id_card_processor 108026 124086430729920 Images saved: /media/putu/EC42-8749/shaRD/librarain/media/id_cards/id_card_20250417_155328.jpg and /media/putu/EC42-8749/shaRD/librarain/media/id_cards/id_card_cropped_20250417_155328.jpg
INFO 2025-04-17 15:53:29,038 id_card_processor 108026 124086430729920 OCR completed successfully. Text saved to: /media/putu/EC42-8749/shaRD/librarain/media/id_cards/id_card_cropped_20250417_155328.txt
INFO 2025-04-17 15:53:29,040 id_card_processor 108026 124086430729920 Capture timer started
INFO 2025-04-17 15:53:34,156 id_card_processor 108026 124086430729920 Capture triggered
INFO 2025-04-17 15:53:34,159 id_card_processor 108026 124086430729920 Box coordinates set to: (96, 72, 448, 336)
INFO 2025-04-17 15:53:34,161 id_card_processor 108026 124086430729920 Images saved: /media/putu/EC42-8749/shaRD/librarain/media/id_cards/id_card_20250417_155334.jpg and /media/putu/EC42-8749/shaRD/librarain/media/id_cards/id_card_cropped_20250417_155334.jpg
INFO 2025-04-17 15:53:34,576 id_card_processor 108026 124086430729920 OCR completed successfully. Text saved to: /media/putu/EC42-8749/shaRD/librarain/media/id_cards/id_card_cropped_20250417_155334.txt
INFO 2025-04-17 15:53:34,580 id_card_processor 108026 124086430729920 Capture timer started
INFO 2025-04-17 15:53:39,700 id_card_processor 108026 124086430729920 Capture triggered
INFO 2025-04-17 15:53:39,705 id_card_processor 108026 124086430729920 Box coordinates set to: (96, 72, 448, 336)
INFO 2025-04-17 15:53:39,706 id_card_processor 108026 124086430729920 Images saved: /media/putu/EC42-8749/shaRD/librarain/media/id_cards/id_card_20250417_155339.jpg and /media/putu/EC42-8749/shaRD/librarain/media/id_cards/id_card_cropped_20250417_155339.jpg
INFO 2025-04-17 15:53:40,128 id_card_processor 108026 124086430729920 OCR completed successfully. Text saved to: /media/putu/EC42-8749/shaRD/librarain/media/id_cards/id_card_cropped_20250417_155339.txt
INFO 2025-04-17 15:53:40,133 id_card_processor 108026 124086430729920 Capture timer started
INFO 2025-04-17 15:53:45,188 id_card_processor 108026 124086430729920 Capture triggered
INFO 2025-04-17 15:53:45,189 id_card_processor 108026 124086430729920 Box coordinates set to: (96, 72, 448, 336)
INFO 2025-04-17 15:53:45,190 id_card_processor 108026 124086430729920 Images saved: /media/putu/EC42-8749/shaRD/librarain/media/id_cards/id_card_20250417_155345.jpg and /media/putu/EC42-8749/shaRD/librarain/media/id_cards/id_card_cropped_20250417_155345.jpg
INFO 2025-04-17 15:53:45,653 id_card_processor 108026 124086430729920 OCR completed successfully. Text saved to: /media/putu/EC42-8749/shaRD/librarain/media/id_cards/id_card_cropped_20250417_155345.txt
INFO 2025-04-17 15:53:45,657 id_card_processor 108026 124086430729920 Capture timer started
INFO 2025-04-17 15:53:50,732 id_card_processor 108026 124086430729920 Capture triggered
INFO 2025-04-17 15:53:50,736 id_card_processor 108026 124086430729920 Box coordinates set to: (96, 72, 448, 336)
INFO 2025-04-17 15:53:50,738 id_card_processor 108026 124086430729920 Images saved: /media/putu/EC42-8749/shaRD/librarain/media/id_cards/id_card_20250417_155350.jpg and /media/putu/EC42-8749/shaRD/librarain/media/id_cards/id_card_cropped_20250417_155350.jpg
INFO 2025-04-17 15:53:51,208 id_card_processor 108026 124086430729920 OCR completed successfully. Text saved to: /media/putu/EC42-8749/shaRD/librarain/media/id_cards/id_card_cropped_20250417_155350.txt
INFO 2025-04-17 15:53:51,213 id_card_processor 108026 124086430729920 Capture timer started
INFO 2025-04-17 15:53:56,276 id_card_processor 108026 124086430729920 Capture triggered
INFO 2025-04-17 15:53:56,278 id_card_processor 108026 124086430729920 Box coordinates set to: (96, 72, 448, 336)
INFO 2025-04-17 15:53:56,280 id_card_processor 108026 124086430729920 Images saved: /media/putu/EC42-8749/shaRD/librarain/media/id_cards/id_card_20250417_155356.jpg and /media/putu/EC42-8749/shaRD/librarain/media/id_cards/id_card_cropped_20250417_155356.jpg
INFO 2025-04-17 15:53:56,728 id_card_processor 108026 124086430729920 OCR completed successfully. Text saved to: /media/putu/EC42-8749/shaRD/librarain/media/id_cards/id_card_cropped_20250417_155356.txt
INFO 2025-04-17 15:53:56,731 id_card_processor 108026 124086430729920 Capture timer started
INFO 2025-04-17 15:54:01,764 id_card_processor 108026 124086430729920 Capture triggered
INFO 2025-04-17 15:54:01,767 id_card_processor 108026 124086430729920 Box coordinates set to: (96, 72, 448, 336)
INFO 2025-04-17 15:54:01,769 id_card_processor 108026 124086430729920 Images saved: /media/putu/EC42-8749/shaRD/librarain/media/id_cards/id_card_20250417_155401.jpg and /media/putu/EC42-8749/shaRD/librarain/media/id_cards/id_card_cropped_20250417_155401.jpg
INFO 2025-04-17 15:54:02,228 id_card_processor 108026 124086430729920 OCR completed successfully. Text saved to: /media/putu/EC42-8749/shaRD/librarain/media/id_cards/id_card_cropped_20250417_155401.txt
INFO 2025-04-17 15:54:02,232 id_card_processor 108026 124086430729920 Capture timer started
INFO 2025-04-17 15:54:07,307 id_card_processor 108026 124086430729920 Capture triggered
INFO 2025-04-17 15:54:07,310 id_card_processor 108026 124086430729920 Box coordinates set to: (96, 72, 448, 336)
INFO 2025-04-17 15:54:07,311 id_card_processor 108026 124086430729920 Images saved: /media/putu/EC42-8749/shaRD/librarain/media/id_cards/id_card_20250417_155407.jpg and /media/putu/EC42-8749/shaRD/librarain/media/id_cards/id_card_cropped_20250417_155407.jpg
INFO 2025-04-17 15:54:07,733 id_card_processor 108026 124086430729920 OCR completed successfully. Text saved to: /media/putu/EC42-8749/shaRD/librarain/media/id_cards/id_card_cropped_20250417_155407.txt
INFO 2025-04-17 15:54:07,738 id_card_processor 108026 124086430729920 Capture timer started
INFO 2025-04-17 15:54:12,851 id_card_processor 108026 124086430729920 Capture triggered
INFO 2025-04-17 15:54:12,854 id_card_processor 108026 124086430729920 Box coordinates set to: (96, 72, 448, 336)
INFO 2025-04-17 15:54:12,855 id_card_processor 108026 124086430729920 Images saved: /media/putu/EC42-8749/shaRD/librarain/media/id_cards/id_card_20250417_155412.jpg and /media/putu/EC42-8749/shaRD/librarain/media/id_cards/id_card_cropped_20250417_155412.jpg
INFO 2025-04-17 15:54:13,293 id_card_processor 108026 124086430729920 OCR completed successfully. Text saved to: /media/putu/EC42-8749/shaRD/librarain/media/id_cards/id_card_cropped_20250417_155412.txt
INFO 2025-04-17 15:54:13,296 id_card_processor 108026 124086430729920 Capture timer started
INFO 2025-04-17 15:54:18,339 id_card_processor 108026 124086430729920 Capture triggered
INFO 2025-04-17 15:54:18,341 id_card_processor 108026 124086430729920 Box coordinates set to: (96, 72, 448, 336)
INFO 2025-04-17 15:54:18,341 id_card_processor 108026 124086430729920 Images saved: /media/putu/EC42-8749/shaRD/librarain/media/id_cards/id_card_20250417_155418.jpg and /media/putu/EC42-8749/shaRD/librarain/media/id_cards/id_card_cropped_20250417_155418.jpg
INFO 2025-04-17 15:54:18,743 id_card_processor 108026 124086430729920 OCR completed successfully. Text saved to: /media/putu/EC42-8749/shaRD/librarain/media/id_cards/id_card_cropped_20250417_155418.txt
INFO 2025-04-17 15:54:18,748 id_card_processor 108026 124086430729920 Capture timer started
INFO 2025-04-17 15:54:23,763 id_card_processor 108026 124086430729920 Capture triggered
INFO 2025-04-17 15:54:23,767 id_card_processor 108026 124086430729920 Box coordinates set to: (96, 72, 448, 336)
INFO 2025-04-17 15:54:23,769 id_card_processor 108026 124086430729920 Images saved: /media/putu/EC42-8749/shaRD/librarain/media/id_cards/id_card_20250417_155423.jpg and /media/putu/EC42-8749/shaRD/librarain/media/id_cards/id_card_cropped_20250417_155423.jpg
INFO 2025-04-17 15:54:24,324 id_card_processor 108026 124086430729920 OCR completed successfully. Text saved to: /media/putu/EC42-8749/shaRD/librarain/media/id_cards/id_card_cropped_20250417_155423.txt
INFO 2025-04-17 15:54:24,324 id_card_processor 108026 124086430729920 Switched to face detection mode
INFO 2025-04-17 15:54:24,330 id_card_processor 108026 124086430729920 Capture timer started
INFO 2025-04-17 15:54:29,427 id_card_processor 108026 124086430729920 Capture triggered
INFO 2025-04-17 15:54:29,547 id_card_processor 108026 124086430729920 Capture timer started
INFO 2025-04-17 15:54:34,555 id_card_processor 108026 124086430729920 Capture triggered
INFO 2025-04-17 15:54:34,675 id_card_processor 108026 124086430729920 Capture timer started
INFO 2025-04-17 15:54:39,735 id_card_processor 108026 124086430729920 Capture triggered
INFO 2025-04-17 15:54:39,809 id_card_processor 108026 124086430729920 Capture timer started
INFO 2025-04-17 15:54:44,863 id_card_processor 108026 124086430729920 Capture triggered
INFO 2025-04-17 15:54:44,983 id_card_processor 108026 124086430729920 Capture timer started
INFO 2025-04-17 15:54:49,991 id_card_processor 108026 124086430729920 Capture triggered
INFO 2025-04-17 15:54:50,111 id_card_processor 108026 124086430729920 Capture timer started
INFO 2025-04-17 15:54:55,179 id_card_processor 108026 124086430729920 Capture triggered
INFO 2025-04-17 15:54:55,299 id_card_processor 108026 124086430729920 Capture timer started
INFO 2025-04-17 15:55:00,307 id_card_processor 108026 124086430729920 Capture triggered
INFO 2025-04-17 15:55:00,427 id_card_processor 108026 124086430729920 Capture timer started
INFO 2025-04-17 15:55:05,495 id_card_processor 108026 124086430729920 Capture triggered
INFO 2025-04-17 15:55:05,615 id_card_processor 108026 124086430729920 Capture timer started
INFO 2025-04-17 15:55:10,683 id_card_processor 108026 124086430729920 Capture triggered
INFO 2025-04-17 15:55:10,803 id_card_processor 108026 124086430729920 Capture timer started
INFO 2025-04-17 15:55:15,811 id_card_processor 108026 124086430729920 Capture triggered
INFO 2025-04-17 15:55:15,927 id_card_processor 108026 124086430729920 Capture timer started
INFO 2025-04-17 15:55:20,999 id_card_processor 108026 124086430729920 Capture triggered
INFO 2025-04-17 15:55:21,115 id_card_processor 108026 124086430729920 Capture timer started
INFO 2025-04-17 15:55:26,123 id_card_processor 108026 124086430729920 Capture triggered
INFO 2025-04-17 15:55:26,196 id_card_processor 108026 124086430729920 Capture timer started
INFO 2025-04-17 15:55:31,310 id_card_processor 108026 124086430729920 Capture triggered
INFO 2025-04-17 15:55:31,430 id_card_processor 108026 124086430729920 Capture timer started
INFO 2025-04-17 15:55:36,498 id_card_processor 108026 124086430729920 Capture triggered
INFO 2025-04-17 15:55:36,619 id_card_processor 108026 124086430729920 Capture timer started
INFO 2025-04-17 15:55:41,627 id_card_processor 108026 124086430729920 Capture triggered
INFO 2025-04-17 15:55:41,747 id_card_processor 108026 124086430729920 Capture timer started
INFO 2025-04-17 15:55:46,815 id_card_processor 108026 124086430729920 Capture triggered
INFO 2025-04-17 15:55:46,934 id_card_processor 108026 124086430729920 Capture timer started
INFO 2025-04-17 15:55:51,943 id_card_processor 108026 124086430729920 Capture triggered
INFO 2025-04-17 15:55:52,062 id_card_processor 108026 124086430729920 Capture timer started
INFO 2025-04-17 15:55:57,130 id_card_processor 108026 124086430729920 Capture triggered
INFO 2025-04-17 15:55:57,250 id_card_processor 108026 124086430729920 Capture timer started
INFO 2025-04-17 15:56:02,318 id_card_processor 108026 124086430729920 Capture triggered
INFO 2025-04-17 15:56:02,438 id_card_processor 108026 124086430729920 Capture timer started
INFO 2025-04-17 15:56:07,446 id_card_processor 108026 124086430729920 Capture triggered
INFO 2025-04-17 15:56:07,562 id_card_processor 108026 124086430729920 Capture timer started
ERROR 2025-04-17 15:56:09,914 utils 108026 124085361182400 Error in Camera initialization: No cameras found. Please check your camera connection and permissions.
ERROR 2025-04-17 15:56:09,914 utils 108026 124085361182400 Error in Creating camera of type borrow: Error in Camera initialization: No cameras found. Please check your camera connection and permissions.
ERROR 2025-04-17 15:56:09,914 utils 108026 124085361182400 Error in Camera feed: Error in Creating camera of type borrow: Error in Camera initialization: No cameras found. Please check your camera connection and permissions.
INFO 2025-04-17 15:56:10,135 cameras 108026 124086430729920 Camera stopped and resources released
INFO 2025-04-17 15:56:10,136 cameras 108026 124086430729920 Camera stopped and resources released
INFO 2025-04-17 15:56:10,216 cameras 108026 124086430729920 Camera stopped and resources released
ERROR 2025-04-17 15:56:11,511 utils 108026 124085732378304 Error in Camera initialization: No cameras found. Please check your camera connection and permissions.
ERROR 2025-04-17 15:56:11,511 utils 108026 124085732378304 Error in Creating camera of type borrow: Error in Camera initialization: No cameras found. Please check your camera connection and permissions.
ERROR 2025-04-17 15:56:11,511 utils 108026 124085732378304 Error in Camera feed: Error in Creating camera of type borrow: Error in Camera initialization: No cameras found. Please check your camera connection and permissions.
INFO 2025-04-17 15:56:11,756 cameras 108026 124085361182400 Found working camera at index 1
INFO 2025-04-17 15:56:12,227 cameras 108026 124085361182400 Successfully opened camera at index 1
INFO 2025-04-17 15:56:13,313 cameras 108026 124085361182400 Camera initialized successfully
INFO 2025-04-17 15:56:13,328 book_detector 108026 124085361182400 AprilTag detector initialized successfully
INFO 2025-04-17 15:56:13,329 cameras 108026 124085361182400 Camera stopped and resources released
INFO 2025-04-17 15:56:36,788 cameras 108026 124093911095104 Camera stopped and resources released
INFO 2025-04-17 15:56:43,420 views 109891 139230393059136 Loaded book mapping for tag 0: {'title': 'The Alchemist', 'author': 'Paolo Coehlo', 'genre': 'Fiction', 'isbn': '123545432543523'}
INFO 2025-04-17 15:56:43,420 views 109891 139230393059136 Loaded book mapping for tag 1: {'title': 'The Idiot', 'author': 'John Smith', 'genre': 'Technology', 'isbn': '9780123456789'}
INFO 2025-04-17 15:56:51,636 cameras 109891 139222912599744 Found working camera at index 1
INFO 2025-04-17 15:56:52,106 cameras 109891 139222912599744 Successfully opened camera at index 1
INFO 2025-04-17 15:56:53,192 cameras 109891 139222912599744 Camera initialized successfully
INFO 2025-04-17 15:56:53,192 id_card_processor 109891 139222912599744 Using device: cpu
INFO 2025-04-17 15:56:55,107 id_card_processor 109891 139222912599744 Capture timer started
INFO 2025-04-17 15:57:00,115 id_card_processor 109891 139222912599744 Capture triggered
INFO 2025-04-17 15:57:00,119 id_card_processor 109891 139222912599744 Box coordinates set to: (96, 72, 448, 336)
INFO 2025-04-17 15:57:00,121 id_card_processor 109891 139222912599744 Images saved: /media/putu/EC42-8749/shaRD/librarain/media/id_cards/id_card_20250417_155700.jpg and /media/putu/EC42-8749/shaRD/librarain/media/id_cards/id_card_cropped_20250417_155700.jpg
INFO 2025-04-17 15:57:01,005 id_card_processor 109891 139222912599744 OCR completed successfully. Text saved to: /media/putu/EC42-8749/shaRD/librarain/media/id_cards/id_card_cropped_20250417_155700.txt
INFO 2025-04-17 15:57:01,005 id_card_processor 109891 139222912599744 Switched to face detection mode
INFO 2025-04-17 15:57:01,010 id_card_processor 109891 139222912599744 Capture timer started
INFO 2025-04-17 15:57:06,079 id_card_processor 109891 139222912599744 Capture triggered
INFO 2025-04-17 15:57:31,365 cameras 109891 139222912599744 Camera stopped and resources released
INFO 2025-04-17 15:57:31,365 cameras 109891 139222912599744 Camera stopped and resources released
INFO 2025-04-17 15:57:33,912 cameras 109891 139221780137664 Found working camera at index 1
INFO 2025-04-17 15:57:34,382 cameras 109891 139221780137664 Successfully opened camera at index 1
INFO 2025-04-17 15:57:35,469 cameras 109891 139221780137664 Camera initialized successfully
INFO 2025-04-17 15:57:35,470 id_card_processor 109891 139221780137664 Using device: cpu
INFO 2025-04-17 15:57:37,251 id_card_processor 109891 139221780137664 Capture timer started
INFO 2025-04-17 15:57:42,263 id_card_processor 109891 139221780137664 Capture triggered
INFO 2025-04-17 15:57:42,267 id_card_processor 109891 139221780137664 Box coordinates set to: (96, 72, 448, 336)
INFO 2025-04-17 15:57:42,269 id_card_processor 109891 139221780137664 Images saved: /media/putu/EC42-8749/shaRD/librarain/media/id_cards/id_card_20250417_155742.jpg and /media/putu/EC42-8749/shaRD/librarain/media/id_cards/id_card_cropped_20250417_155742.jpg
INFO 2025-04-17 15:57:42,767 id_card_processor 109891 139221780137664 OCR completed successfully. Text saved to: /media/putu/EC42-8749/shaRD/librarain/media/id_cards/id_card_cropped_20250417_155742.txt
INFO 2025-04-17 15:57:42,767 id_card_processor 109891 139221780137664 Switched to face detection mode
INFO 2025-04-17 15:57:42,772 id_card_processor 109891 139221780137664 Capture timer started
INFO 2025-04-17 15:57:47,807 id_card_processor 109891 139221780137664 Capture triggered
INFO 2025-04-17 15:58:11,598 cameras 109891 139221780137664 Camera stopped and resources released
INFO 2025-04-17 15:58:11,598 cameras 109891 139221780137664 Camera stopped and resources released
INFO 2025-04-17 15:58:16,320 cameras 109891 139222902113984 Found working camera at index 1
INFO 2025-04-17 15:58:16,789 cameras 109891 139222902113984 Successfully opened camera at index 1
INFO 2025-04-17 15:58:17,875 cameras 109891 139222902113984 Camera initialized successfully
INFO 2025-04-17 15:58:17,894 book_detector 109891 139222902113984 AprilTag detector initialized successfully
INFO 2025-04-17 15:58:17,895 cameras 109891 139222902113984 Camera stopped and resources released
INFO 2025-04-17 15:58:19,403 cameras 109891 139222902113984 Found working camera at index 1
INFO 2025-04-17 15:58:19,875 cameras 109891 139222902113984 Successfully opened camera at index 1
INFO 2025-04-17 15:58:20,962 cameras 109891 139222902113984 Camera initialized successfully
INFO 2025-04-17 15:58:20,992 book_detector 109891 139222902113984 AprilTag detector initialized successfully
DEBUG 2025-04-17 15:58:21,390 book_detector 109891 139222902113984 No AprilTags detected in frame
DEBUG 2025-04-17 15:58:21,504 book_detector 109891 139222902113984 No AprilTags detected in frame
DEBUG 2025-04-17 15:58:21,624 book_detector 109891 139222902113984 No AprilTags detected in frame
DEBUG 2025-04-17 15:58:21,743 book_detector 109891 139222902113984 No AprilTags detected in frame
DEBUG 2025-04-17 15:58:21,858 book_detector 109891 139222902113984 No AprilTags detected in frame
DEBUG 2025-04-17 15:58:21,915 book_detector 109891 139222902113984 No AprilTags detected in frame
DEBUG 2025-04-17 15:58:22,035 book_detector 109891 139222902113984 No AprilTags detected in frame
DEBUG 2025-04-17 15:58:22,155 book_detector 109891 139222902113984 No AprilTags detected in frame
DEBUG 2025-04-17 15:58:22,275 book_detector 109891 139222902113984 No AprilTags detected in frame
DEBUG 2025-04-17 15:58:22,402 book_detector 109891 139222902113984 No AprilTags detected in frame
DEBUG 2025-04-17 15:58:22,514 book_detector 109891 139222902113984 No AprilTags detected in frame
DEBUG 2025-04-17 15:58:22,637 book_detector 109891 139222902113984 No AprilTags detected in frame
DEBUG 2025-04-17 15:58:22,755 book_detector 109891 139222902113984 No AprilTags detected in frame
DEBUG 2025-04-17 15:58:22,876 book_detector 109891 139222902113984 No AprilTags detected in frame
DEBUG 2025-04-17 15:58:22,996 book_detector 109891 139222902113984 No AprilTags detected in frame
DEBUG 2025-04-17 15:58:23,116 book_detector 109891 139222902113984 No AprilTags detected in frame
DEBUG 2025-04-17 15:58:23,232 book_detector 109891 139222902113984 No AprilTags detected in frame
DEBUG 2025-04-17 15:58:23,351 book_detector 109891 139222902113984 No AprilTags detected in frame
DEBUG 2025-04-17 15:58:23,471 book_detector 109891 139222902113984 No AprilTags detected in frame
DEBUG 2025-04-17 15:58:23,591 book_detector 109891 139222902113984 No AprilTags detected in frame
DEBUG 2025-04-17 15:58:23,713 book_detector 109891 139222902113984 No AprilTags detected in frame
DEBUG 2025-04-17 15:58:23,828 book_detector 109891 139222902113984 No AprilTags detected in frame
DEBUG 2025-04-17 15:58:23,947 book_detector 109891 139222902113984 No AprilTags detected in frame
DEBUG 2025-04-17 15:58:24,067 book_detector 109891 139222902113984 No AprilTags detected in frame
DEBUG 2025-04-17 15:58:24,188 book_detector 109891 139222902113984 No AprilTags detected in frame
DEBUG 2025-04-17 15:58:24,308 book_detector 109891 139222902113984 No AprilTags detected in frame
DEBUG 2025-04-17 15:58:24,424 book_detector 109891 139222902113984 No AprilTags detected in frame
DEBUG 2025-04-17 15:58:24,545 book_detector 109891 139222902113984 No AprilTags detected in frame
DEBUG 2025-04-17 15:58:24,663 book_detector 109891 139222902113984 No AprilTags detected in frame
DEBUG 2025-04-17 15:58:24,784 book_detector 109891 139222902113984 No AprilTags detected in frame
DEBUG 2025-04-17 15:58:24,901 book_detector 109891 139222902113984 No AprilTags detected in frame
DEBUG 2025-04-17 15:58:25,023 book_detector 109891 139222902113984 No AprilTags detected in frame
DEBUG 2025-04-17 15:58:25,140 book_detector 109891 139222902113984 No AprilTags detected in frame
DEBUG 2025-04-17 15:58:25,260 book_detector 109891 139222902113984 No AprilTags detected in frame
DEBUG 2025-04-17 15:58:25,379 book_detector 109891 139222902113984 No AprilTags detected in frame
DEBUG 2025-04-17 15:58:25,500 book_detector 109891 139222902113984 No AprilTags detected in frame
DEBUG 2025-04-17 15:58:25,619 book_detector 109891 139222902113984 No AprilTags detected in frame
DEBUG 2025-04-17 15:58:25,736 book_detector 109891 139222902113984 No AprilTags detected in frame
DEBUG 2025-04-17 15:58:25,856 book_detector 109891 139222902113984 No AprilTags detected in frame
DEBUG 2025-04-17 15:58:25,977 book_detector 109891 139222902113984 No AprilTags detected in frame
DEBUG 2025-04-17 15:58:26,097 book_detector 109891 139222902113984 No AprilTags detected in frame
DEBUG 2025-04-17 15:58:26,216 book_detector 109891 139222902113984 No AprilTags detected in frame
DEBUG 2025-04-17 15:58:26,332 book_detector 109891 139222902113984 No AprilTags detected in frame
DEBUG 2025-04-17 15:58:26,452 book_detector 109891 139222902113984 No AprilTags detected in frame
DEBUG 2025-04-17 15:58:26,572 book_detector 109891 139222902113984 No AprilTags detected in frame
DEBUG 2025-04-17 15:58:26,693 book_detector 109891 139222902113984 No AprilTags detected in frame
DEBUG 2025-04-17 15:58:26,812 book_detector 109891 139222902113984 No AprilTags detected in frame
INFO 2025-04-17 15:58:26,933 book_detector 109891 139222902113984 Detected 1 AprilTags
INFO 2025-04-17 15:58:26,967 views 109891 139222902113984 Added new book to database: The Alchemist (Tag ID: 0, ISBN: 123545432543523)
INFO 2025-04-17 15:58:26,967 cameras 109891 139222902113984 Detected and processed book with tag ID: 0
INFO 2025-04-17 15:58:27,048 book_detector 109891 139222902113984 Detected 1 AprilTags
DEBUG 2025-04-17 15:58:27,167 book_detector 109891 139222902113984 No AprilTags detected in frame
DEBUG 2025-04-17 15:58:27,288 book_detector 109891 139222902113984 No AprilTags detected in frame
INFO 2025-04-17 15:58:27,408 book_detector 109891 139222902113984 Detected 1 AprilTags
DEBUG 2025-04-17 15:58:27,524 book_detector 109891 139222902113984 No AprilTags detected in frame
DEBUG 2025-04-17 15:58:27,644 book_detector 109891 139222902113984 No AprilTags detected in frame
INFO 2025-04-17 15:58:27,764 book_detector 109891 139222902113984 Detected 1 AprilTags
DEBUG 2025-04-17 15:58:27,885 book_detector 109891 139222902113984 No AprilTags detected in frame
DEBUG 2025-04-17 15:58:28,003 book_detector 109891 139222902113984 No AprilTags detected in frame
INFO 2025-04-17 15:58:28,124 book_detector 109891 139222902113984 Detected 1 AprilTags
INFO 2025-04-17 15:58:28,239 book_detector 109891 139222902113984 Detected 1 AprilTags
INFO 2025-04-17 15:58:28,300 book_detector 109891 139222902113984 Detected 1 AprilTags
INFO 2025-04-17 15:58:28,421 book_detector 109891 139222902113984 Detected 1 AprilTags
INFO 2025-04-17 15:58:28,540 book_detector 109891 139222902113984 Detected 1 AprilTags
INFO 2025-04-17 15:58:28,660 book_detector 109891 139222902113984 Detected 1 AprilTags
INFO 2025-04-17 15:58:28,780 book_detector 109891 139222902113984 Detected 1 AprilTags
INFO 2025-04-17 15:58:28,897 book_detector 109891 139222902113984 Detected 1 AprilTags
INFO 2025-04-17 15:58:29,017 book_detector 109891 139222902113984 Detected 1 AprilTags
INFO 2025-04-17 15:58:29,040 views 109891 139222902113984 Updated existing book in database: The Alchemist (Tag ID: 0, ISBN: 123545432543523)
INFO 2025-04-17 15:58:29,041 cameras 109891 139222902113984 Detected and processed book with tag ID: 0
INFO 2025-04-17 15:58:29,134 book_detector 109891 139222902113984 Detected 1 AprilTags
INFO 2025-04-17 15:58:29,255 book_detector 109891 139222902113984 Detected 1 AprilTags
INFO 2025-04-17 15:58:29,377 book_detector 109891 139222902113984 Detected 1 AprilTags
INFO 2025-04-17 15:58:29,496 book_detector 109891 139222902113984 Detected 1 AprilTags
INFO 2025-04-17 15:58:29,612 book_detector 109891 139222902113984 Detected 1 AprilTags
INFO 2025-04-17 15:58:29,733 book_detector 109891 139222902113984 Detected 1 AprilTags
INFO 2025-04-17 15:58:29,847 book_detector 109891 139222902113984 Detected 1 AprilTags
INFO 2025-04-17 15:58:29,972 book_detector 109891 139222902113984 Detected 1 AprilTags
INFO 2025-04-17 15:58:30,093 book_detector 109891 139222902113984 Detected 1 AprilTags
INFO 2025-04-17 15:58:30,207 book_detector 109891 139222902113984 Detected 1 AprilTags
INFO 2025-04-17 15:58:30,328 book_detector 109891 139222902113984 Detected 1 AprilTags
INFO 2025-04-17 15:58:30,448 book_detector 109891 139222902113984 Detected 1 AprilTags
INFO 2025-04-17 15:58:30,568 book_detector 109891 139222902113984 Detected 1 AprilTags
INFO 2025-04-17 15:58:30,688 book_detector 109891 139222902113984 Detected 1 AprilTags
INFO 2025-04-17 15:58:30,805 book_detector 109891 139222902113984 Detected 1 AprilTags
INFO 2025-04-17 15:58:30,925 book_detector 109891 139222902113984 Detected 1 AprilTags
INFO 2025-04-17 15:58:31,044 book_detector 109891 139222902113984 Detected 1 AprilTags
INFO 2025-04-17 15:58:31,060 views 109891 139222902113984 Updated existing book in database: The Alchemist (Tag ID: 0, ISBN: 123545432543523)
INFO 2025-04-17 15:58:31,060 cameras 109891 139222902113984 Detected and processed book with tag ID: 0
INFO 2025-04-17 15:58:31,164 book_detector 109891 139222902113984 Detected 1 AprilTags
INFO 2025-04-17 15:58:31,284 book_detector 109891 139222902113984 Detected 1 AprilTags
INFO 2025-04-17 15:58:31,405 book_detector 109891 139222902113984 Detected 1 AprilTags
INFO 2025-04-17 15:58:31,520 book_detector 109891 139222902113984 Detected 1 AprilTags
INFO 2025-04-17 15:58:31,640 book_detector 109891 139222902113984 Detected 1 AprilTags
INFO 2025-04-17 15:58:31,761 book_detector 109891 139222902113984 Detected 1 AprilTags
INFO 2025-04-17 15:58:31,880 book_detector 109891 139222902113984 Detected 1 AprilTags
INFO 2025-04-17 15:58:31,999 book_detector 109891 139222902113984 Detected 1 AprilTags
INFO 2025-04-17 15:58:32,117 book_detector 109891 139222902113984 Detected 1 AprilTags
INFO 2025-04-17 15:58:32,236 book_detector 109891 139222902113984 Detected 1 AprilTags
INFO 2025-04-17 15:58:32,356 book_detector 109891 139222902113984 Detected 1 AprilTags
DEBUG 2025-04-17 15:58:32,476 book_detector 109891 139222902113984 No AprilTags detected in frame
DEBUG 2025-04-17 15:58:32,596 book_detector 109891 139222902113984 No AprilTags detected in frame
DEBUG 2025-04-17 15:58:32,712 book_detector 109891 139222902113984 No AprilTags detected in frame
DEBUG 2025-04-17 15:58:32,832 book_detector 109891 139222902113984 No AprilTags detected in frame
DEBUG 2025-04-17 15:58:32,952 book_detector 109891 139222902113984 No AprilTags detected in frame
DEBUG 2025-04-17 15:58:33,072 book_detector 109891 139222902113984 No AprilTags detected in frame
DEBUG 2025-04-17 15:58:33,192 book_detector 109891 139222902113984 No AprilTags detected in frame
DEBUG 2025-04-17 15:58:33,312 book_detector 109891 139222902113984 No AprilTags detected in frame
DEBUG 2025-04-17 15:58:33,427 book_detector 109891 139222902113984 No AprilTags detected in frame
DEBUG 2025-04-17 15:58:33,547 book_detector 109891 139222902113984 No AprilTags detected in frame
DEBUG 2025-04-17 15:58:33,667 book_detector 109891 139222902113984 No AprilTags detected in frame
DEBUG 2025-04-17 15:58:33,787 book_detector 109891 139222902113984 No AprilTags detected in frame
DEBUG 2025-04-17 15:58:33,907 book_detector 109891 139222902113984 No AprilTags detected in frame
DEBUG 2025-04-17 15:58:34,022 book_detector 109891 139222902113984 No AprilTags detected in frame
DEBUG 2025-04-17 15:58:34,144 book_detector 109891 139222902113984 No AprilTags detected in frame
DEBUG 2025-04-17 15:58:34,262 book_detector 109891 139222902113984 No AprilTags detected in frame
DEBUG 2025-04-17 15:58:34,382 book_detector 109891 139222902113984 No AprilTags detected in frame
DEBUG 2025-04-17 15:58:34,499 book_detector 109891 139222902113984 No AprilTags detected in frame
DEBUG 2025-04-17 15:58:34,619 book_detector 109891 139222902113984 No AprilTags detected in frame
DEBUG 2025-04-17 15:58:34,740 book_detector 109891 139222902113984 No AprilTags detected in frame
DEBUG 2025-04-17 15:58:34,860 book_detector 109891 139222902113984 No AprilTags detected in frame
DEBUG 2025-04-17 15:58:34,979 book_detector 109891 139222902113984 No AprilTags detected in frame
DEBUG 2025-04-17 15:58:35,100 book_detector 109891 139222902113984 No AprilTags detected in frame
DEBUG 2025-04-17 15:58:35,220 book_detector 109891 139222902113984 No AprilTags detected in frame
DEBUG 2025-04-17 15:58:35,335 book_detector 109891 139222902113984 No AprilTags detected in frame
DEBUG 2025-04-17 15:58:35,454 book_detector 109891 139222902113984 No AprilTags detected in frame
DEBUG 2025-04-17 15:58:35,575 book_detector 109891 139222902113984 No AprilTags detected in frame
DEBUG 2025-04-17 15:58:35,695 book_detector 109891 139222902113984 No AprilTags detected in frame
DEBUG 2025-04-17 15:58:35,814 book_detector 109891 139222902113984 No AprilTags detected in frame
DEBUG 2025-04-17 15:58:35,932 book_detector 109891 139222902113984 No AprilTags detected in frame
DEBUG 2025-04-17 15:58:36,052 book_detector 109891 139222902113984 No AprilTags detected in frame
DEBUG 2025-04-17 15:58:36,171 book_detector 109891 139222902113984 No AprilTags detected in frame
DEBUG 2025-04-17 15:58:36,293 book_detector 109891 139222902113984 No AprilTags detected in frame
DEBUG 2025-04-17 15:58:36,412 book_detector 109891 139222902113984 No AprilTags detected in frame
DEBUG 2025-04-17 15:58:36,528 book_detector 109891 139222902113984 No AprilTags detected in frame
DEBUG 2025-04-17 15:58:36,588 book_detector 109891 139222902113984 No AprilTags detected in frame
DEBUG 2025-04-17 15:58:36,707 book_detector 109891 139222902113984 No AprilTags detected in frame
DEBUG 2025-04-17 15:58:36,827 book_detector 109891 139222902113984 No AprilTags detected in frame
DEBUG 2025-04-17 15:58:36,947 book_detector 109891 139222902113984 No AprilTags detected in frame
DEBUG 2025-04-17 15:58:37,067 book_detector 109891 139222902113984 No AprilTags detected in frame
DEBUG 2025-04-17 15:58:37,184 book_detector 109891 139222902113984 No AprilTags detected in frame
DEBUG 2025-04-17 15:58:37,302 book_detector 109891 139222902113984 No AprilTags detected in frame
DEBUG 2025-04-17 15:58:37,423 book_detector 109891 139222902113984 No AprilTags detected in frame
DEBUG 2025-04-17 15:58:37,541 book_detector 109891 139222902113984 No AprilTags detected in frame
DEBUG 2025-04-17 15:58:37,665 book_detector 109891 139222902113984 No AprilTags detected in frame
DEBUG 2025-04-17 15:58:37,783 book_detector 109891 139222902113984 No AprilTags detected in frame
DEBUG 2025-04-17 15:58:37,899 book_detector 109891 139222902113984 No AprilTags detected in frame
DEBUG 2025-04-17 15:58:38,020 book_detector 109891 139222902113984 No AprilTags detected in frame
DEBUG 2025-04-17 15:58:38,140 book_detector 109891 139222902113984 No AprilTags detected in frame
DEBUG 2025-04-17 15:58:38,254 book_detector 109891 139222902113984 No AprilTags detected in frame
DEBUG 2025-04-17 15:58:38,379 book_detector 109891 139222902113984 No AprilTags detected in frame
DEBUG 2025-04-17 15:58:38,496 book_detector 109891 139222902113984 No AprilTags detected in frame
DEBUG 2025-04-17 15:58:38,614 book_detector 109891 139222902113984 No AprilTags detected in frame
DEBUG 2025-04-17 15:58:38,733 book_detector 109891 139222902113984 No AprilTags detected in frame
DEBUG 2025-04-17 15:58:38,854 book_detector 109891 139222902113984 No AprilTags detected in frame
DEBUG 2025-04-17 15:58:38,976 book_detector 109891 139222902113984 No AprilTags detected in frame
DEBUG 2025-04-17 15:58:39,090 book_detector 109891 139222902113984 No AprilTags detected in frame
DEBUG 2025-04-17 15:58:39,211 book_detector 109891 139222902113984 No AprilTags detected in frame
DEBUG 2025-04-17 15:58:39,332 book_detector 109891 139222902113984 No AprilTags detected in frame
DEBUG 2025-04-17 15:58:39,452 book_detector 109891 139222902113984 No AprilTags detected in frame
DEBUG 2025-04-17 15:58:39,572 book_detector 109891 139222902113984 No AprilTags detected in frame
DEBUG 2025-04-17 15:58:39,691 book_detector 109891 139222902113984 No AprilTags detected in frame
DEBUG 2025-04-17 15:58:39,806 book_detector 109891 139222902113984 No AprilTags detected in frame
DEBUG 2025-04-17 15:58:39,927 book_detector 109891 139222902113984 No AprilTags detected in frame
DEBUG 2025-04-17 15:58:40,043 book_detector 109891 139222902113984 No AprilTags detected in frame
DEBUG 2025-04-17 15:58:40,162 book_detector 109891 139222902113984 No AprilTags detected in frame
DEBUG 2025-04-17 15:58:40,287 book_detector 109891 139222902113984 No AprilTags detected in frame
DEBUG 2025-04-17 15:58:40,403 book_detector 109891 139222902113984 No AprilTags detected in frame
DEBUG 2025-04-17 15:58:40,523 book_detector 109891 139222902113984 No AprilTags detected in frame
DEBUG 2025-04-17 15:58:40,642 book_detector 109891 139222902113984 No AprilTags detected in frame
DEBUG 2025-04-17 15:58:40,760 book_detector 109891 139222902113984 No AprilTags detected in frame
DEBUG 2025-04-17 15:58:40,884 book_detector 109891 139222902113984 No AprilTags detected in frame
DEBUG 2025-04-17 15:58:40,999 book_detector 109891 139222902113984 No AprilTags detected in frame
DEBUG 2025-04-17 15:58:41,116 book_detector 109891 139222902113984 No AprilTags detected in frame
DEBUG 2025-04-17 15:58:41,237 book_detector 109891 139222902113984 No AprilTags detected in frame
DEBUG 2025-04-17 15:58:41,359 book_detector 109891 139222902113984 No AprilTags detected in frame
DEBUG 2025-04-17 15:58:41,478 book_detector 109891 139222902113984 No AprilTags detected in frame
DEBUG 2025-04-17 15:58:41,598 book_detector 109891 139222902113984 No AprilTags detected in frame
DEBUG 2025-04-17 15:58:41,714 book_detector 109891 139222902113984 No AprilTags detected in frame
DEBUG 2025-04-17 15:58:41,834 book_detector 109891 139222902113984 No AprilTags detected in frame
DEBUG 2025-04-17 15:58:41,955 book_detector 109891 139222902113984 No AprilTags detected in frame
DEBUG 2025-04-17 15:58:42,072 book_detector 109891 139222902113984 No AprilTags detected in frame
DEBUG 2025-04-17 15:58:42,194 book_detector 109891 139222902113984 No AprilTags detected in frame
DEBUG 2025-04-17 15:58:42,309 book_detector 109891 139222902113984 No AprilTags detected in frame
DEBUG 2025-04-17 15:58:42,431 book_detector 109891 139222902113984 No AprilTags detected in frame
DEBUG 2025-04-17 15:58:42,551 book_detector 109891 139222902113984 No AprilTags detected in frame
DEBUG 2025-04-17 15:58:42,672 book_detector 109891 139222902113984 No AprilTags detected in frame
DEBUG 2025-04-17 15:58:42,791 book_detector 109891 139222902113984 No AprilTags detected in frame
DEBUG 2025-04-17 15:58:42,908 book_detector 109891 139222902113984 No AprilTags detected in frame
DEBUG 2025-04-17 15:58:43,027 book_detector 109891 139222902113984 No AprilTags detected in frame
DEBUG 2025-04-17 15:58:43,147 book_detector 109891 139222902113984 No AprilTags detected in frame
DEBUG 2025-04-17 15:58:43,268 book_detector 109891 139222902113984 No AprilTags detected in frame
DEBUG 2025-04-17 15:58:43,388 book_detector 109891 139222902113984 No AprilTags detected in frame
DEBUG 2025-04-17 15:58:43,509 book_detector 109891 139222902113984 No AprilTags detected in frame
DEBUG 2025-04-17 15:58:43,623 book_detector 109891 139222902113984 No AprilTags detected in frame
DEBUG 2025-04-17 15:58:43,744 book_detector 109891 139222902113984 No AprilTags detected in frame
DEBUG 2025-04-17 15:58:43,862 book_detector 109891 139222902113984 No AprilTags detected in frame
DEBUG 2025-04-17 15:58:43,984 book_detector 109891 139222902113984 No AprilTags detected in frame
DEBUG 2025-04-17 15:58:44,099 book_detector 109891 139222902113984 No AprilTags detected in frame
DEBUG 2025-04-17 15:58:44,220 book_detector 109891 139222902113984 No AprilTags detected in frame
DEBUG 2025-04-17 15:58:44,340 book_detector 109891 139222902113984 No AprilTags detected in frame
DEBUG 2025-04-17 15:58:44,460 book_detector 109891 139222902113984 No AprilTags detected in frame
DEBUG 2025-04-17 15:58:44,578 book_detector 109891 139222902113984 No AprilTags detected in frame
DEBUG 2025-04-17 15:58:44,699 book_detector 109891 139222902113984 No AprilTags detected in frame
DEBUG 2025-04-17 15:58:44,813 book_detector 109891 139222902113984 No AprilTags detected in frame
DEBUG 2025-04-17 15:58:44,874 book_detector 109891 139222902113984 No AprilTags detected in frame
DEBUG 2025-04-17 15:58:44,994 book_detector 109891 139222902113984 No AprilTags detected in frame
DEBUG 2025-04-17 15:58:45,117 book_detector 109891 139222902113984 No AprilTags detected in frame
DEBUG 2025-04-17 15:58:45,236 book_detector 109891 139222902113984 No AprilTags detected in frame
DEBUG 2025-04-17 15:58:45,356 book_detector 109891 139222902113984 No AprilTags detected in frame
DEBUG 2025-04-17 15:58:45,471 book_detector 109891 139222902113984 No AprilTags detected in frame
DEBUG 2025-04-17 15:58:45,592 book_detector 109891 139222902113984 No AprilTags detected in frame
